keyword,count
"

 ",28
купить,14
группы,14
групп,13
пишите,12
telegramгруппы,10
можна,10
список,10
готовности,10
гаранта,10
дня,10
якщо,9
боту,9
" 
 ",9
"



 ",8
лет,7
привет,7
сайт,7
подскажите,7
хотите,7
які,6
группу,6
получать,6
хочете,6
скидка,6
кордоном,6
доброго,6
групи,6
дней,6
тільки,6
або,6
показників,6
після,6
telegram,6
ваших,6
бизнес,6
предложение,5
заключим,5
вложенные,5
чат,5
привіт,5
вложить,5
прибыль,5
стабильным,5
обращайтесь,5
абсолютно,5
специальное,5
киеве,5
приносить,5
сдачей,5
продажа,5
источником,5
написали,5
ищете,5
квартира,5
ищу,5
бесплатно,5
берем,5
способ,5
сравнимый,5
средства,5
важно,5
мошенничества,5
оплату,5
цены,5
простой,5
окупаются,5
вже,5
проходит,5
стабильную,5
квартиры,5
напишите,5
сделку,5
всім,5
українців,5
полной,5
время,5
готовый,5
подробиці,5
течении,5
подходе,5
лучшее,5
решение,5
покупке,5
двухкомнатной,5
шлях,5
312,5
деньги,5
получаете,5
000,5
понятной,5
" 
  ",5
" 

 ",5
смотреть,5
третью,5
лісабоні,5
выгодный,5
доход,5
можу,5
правильном,5
моделью,5
дохода,5
выбрали,5
избежание,5
managercommercialbot,5
месяцев,5
место,5
сделка,5
доступных,5
новий,4
кімната,4
використання,4
досвід,4
бізнесу,4
саме,4
німеччині,4
місце,4
продажі,4
сьогодні,4
рівень,4
товаров,4
написав,4
вашого,4
день,4
підняти,4
дізнатись,4
реклами,4
месяц,4
рекламу,4
успіху,4
звязку,4
шукаєте,4
зараз,4
аналіз,4
отримаєте,4
платформу,4
знайти,4
операційних,4
операторів,4
послуг,4
человека,4
повний,4
rek111bot,4
якості,4
потрібно,4
хочеш,4
бонус,4
португалії,4
ідеальну,4
чатгруп,4
хто,4
медичну,3
трафіку,3
площі,3
лісабону,3
nif,3
майданчик,3
раскупили,3
filipe,3
повідомлення,3
распродажа,3
пляж,3
рай,3
товар,3
маргарити,3
потрібен,3
сообщения,3
зустріч,3
захист,3
лісабон,3
іспанії,3
добрий,3
також,3
1000,3
ласка,3
роботи,3
дикий,3
документи,3
телеграм,3
половину,3
1700,3
лиссабон,3
території,3
800,3
airpods,3
знайомств,3
экскурсию,3
росіо,3
шукаємо,3
захисту,3
тимчасовий,3
карточки,3
добрый,3
разобрали,3
дякую,3
орендується,3
успей,3
потім,3
аррабіда,3
приносящие,3
пустельниці,3
стабильно,3
національного,3
прихована,3
цих,3
балконом,3
нижній,3
квітня,3
цена,3
життя,3
христа,3
фортеця,3
проживання,3
оглядовий,3
кашкайші,3
продаю,3
дівчат,3
опыт,3
але,3
працювати,3
починаючи,3
пишіть,3
статуя,3
инвесторов,3
печера,3
замок,3
отримати,3
são,3
работу,3
парку,3
палмела,3
спасибо,3
знайомства,2
сайты,2
змін,2
система,2
знання,2
информацию,2
знайди,2
користувач,2
компании,2
с2обовязково,2
конкурентоспроможна,2
контроль,2
кожного,2
своєї,2
розвинуті,2
ситуаціях,2
клиентов,2
керівників,2
знайдуться,2
знанням,2
розповім,2
розподіл,2
керівництві,2
робочого,2
навички,2
робочих,2
переїхати,2
приватне,2
привезти,2
основних,2
організації,2
оператора,2
окремо,2
оклад,2
приєднуйся,2
приєднуйтесь,2
приємна,2
провела,2
проводити,2
продажу,2
обліку,2
продажів,2
преміювання,2
питання,2
нужен,2
планових,2
португальською,2
португальської,2
посади,2
половинку,2
показниками,2
пойти,2
посоветуйте,2
подписаться,2
подорож,2
поделитесь,2
поддержка,2
повна,2
повинні,2
потрібні,2
плата,2
німецькою,2
продовження,2
роботі,2
мови,2
местам,2
мені,2
мене,2
разработка,2
матеріалів,2
марта,2
мария,2
ребята,2
лідерські,2
резюме,2
людей,2
рекламних,2
лиссабоне,2
лекал,2
легко,2
мовами,2
моделировании,2
номер,2
можливостей,2
нові,2
нових,2
производстве,2
нерухомості,2
нашому,2
прямо,2
путін,2
надеюсь,2
здатність,2
навантаження,2
місяць,2
місця,2
мрієте,2
работает,2
рази,2
здравствуйте,2
їду,2
звітність,2
виплати,2
всьому,2
українці,2
впевнений,2
воскресенье,2
володіння,2
умовах,2
умови,2
управлінські,2
вимоги,2
всіх,2
виконання,2
усім,2
фестиваль,2
ведення,2
вдома,2
ваші,2
вариант,2
фіксований,2
всі,2
україни,2
табелів,2
типів,2
дизайн,2
даних,2
дайте,2
группе,2
групою,2
графіків,2
графік,2
тимчасового,2
гид,2
відгукуватись,2
тих,2
тобі,2
гарного,2
вільне,2
тоді,2
відпочинку,2
відповідних,2
відділу,2
важливо,2
фінансових,2
быстрые,2
щоб,2
refstore,2
office,2
швейном,2
max,2
шоколадний,2
шоколадом,2
excel,2
шукаєш,2
щоденна,2
быстрая,2
asiameier,2
экскурсия,2
якими,2
1603,2
інформацію,2
"  
 ",2
іспанською,2
" 

",2
seoоптимизация,2
vladyslav_ethereum,2
   ,2
авто,2
бути,2
хороший,2
хоче,2
хтось,2
цей,2
березня,2
багатозадачності,2
цікаво,2
ателье,2
ціна,2
час,2
аналізу,2
часу,2
чаті,2
адаптивность,2
чекає,2
человек,2
дистанційно,2
порту,2
желающие,2
екскурсию,2
создании,2
житла,2
дітьми,2
заробітна,2
діти,2
завжди,2
дуже,2
страховій,2
зареєструватися,2
завтра,2
зайнятість,2
стабільні,2
запуска,2
страховку,2
стильные,2
спільноти,2
допомогу,2
другу,2
создаем,2
ефективному,2
спілкування,2
зворотного,2
пошук,1
поїздки,1
прибирати,1
сказав,1
чехии,1
превращают,1
працюєте,1
працює,1
працюю,1
цифрової,1
церкву,1
скейт,1
приват,1
соціалізації,1
чехії,1
працевлаштування,1
читала,1
права,1
поїхали,1
приєднатись,1
центре,1
приносит,1
чекаємо,1
принимают,1
прилетаем,1
справжнього,1
прийняли,1
приехать,1
частные,1
приехала,1
чата,1
приводу,1
частиною,1
синтре,1
привлекают,1
пошива,1
середу,1
привлекательные,1
середовищі,1
цікаві,1
семьи,1
чекайте,1
цікаве,1
спонсора,1
сінтру,1
соцстраху,1
євро,1
постійне,1
создаются,1
посоветовать,1
пособие,1
посмотреть,1
щось,1
создать,1
эффективным,1
последующей,1
яка,1
посилку,1
який,1
португалии,1
состоянии,1
посиланням,1
посетителей,1
посадка,1
іншу,1
порівнянні,1
поряд,1
смотрю,1
создадим,1
собак,1
їде,1
португалия,1
португалиюскажите,1
сонячній,1
постійного,1
посуточно,1
шукаю,1
пошагово,1
читати,1
спілкуванні,1
чоловік,1
чоловіка,1
чоловіків,1
похрестити,1
шаблонный,1
шагах,1
шанс,1
скорость,1
швидко,1
скоріше,1
широка,1
широкий,1
шоколадна,1
скульптур,1
шоколадних,1
шоколадну,1
потребує,1
потребу,1
сможем,1
шорти,1
потери,1
штутгарт,1
почніть,1
сдает,1
спілкуватися,1
рідних,1
сфере,1
суток,1
росіїчитати,1
травку,1
увага,1
ракетних,1
районі,1
райони,1
разыгрываем,1
увагу,1
угоду,1
удерживают,1
удобные,1
русскоговорящих,1
руїничитати,1
украинские,1
украинских,1
разработаем,1
разрабатываем,1
украинцам,1
размещение,1
украинцев,1
украинцы,1
рынке,1
українська,1
реально,1
років,1
розыгрыша,1
сюда,1
роботу,1
теж,1
роботодавець,1
текстовые,1
рогом,1
робити,1
телефонов,1
тепла,1
ринок,1
територіям,1
терміново,1
рекламы,1
режим,1
рода,1
техники,1
родичі,1
сын,1
розвідати,1
розмір,1
результата,1
тим,1
сходити,1
розповімо,1
сфері,1
страви,1
українцям,1
приємно,1
стоит,1
просимо,1
прокат,1
пройшов,1
фестивалі,1
сроки,1
проживає,1
функциональность,1
продуктами,1
продовжується,1
футболу,1
срокам,1
свяжитесь,1
связи,1
хвилюючих,1
свій,1
світ,1
продажи,1
хорошего,1
продает,1
хостелов,1
проверенного,1
сімей,1
хочеться,1
приїхати,1
приїзду,1
февраля,1
фару,1
уютін,1
стануи,1
работать,1
улучшить,1
сайтом,1
статтю,1
стати,1
підходить,1
підтримку,1
уникальным,1
уникальными,1
унікальну,1
підтримка,1
підробіток,1
прості,1
совместно,1
підкажіть,1
самовираженні,1
самостійно,1
пятницю,1
устройств,1
устройстве,1
своєю,1
утро,1
участвуй,1
участия,1
ураган,1
"


",1
порто,1
звертатися,1
відповідальнийа,1
відповідь,1
відповіді,1
відповіли,1
відпочинок,1
відчуваєш,1
відчуйте,1
війни,1
гарантия,1
гарні,1
германия,1
гліб,1
готові,1
готувати,1
готівкові,1
громади,1
гугле,1
дать,1
движется,1
делам,1
деталей,1
відповів,1
відкрити,1
відкриває,1
возможна,1
видимости,1
виникли,1
вино,1
виріс,1
вихідних,1
виїжджайте,1
виїзд,1
вместе,1
внимание,1
враження,1
від,1
времени,1
временно,1
времяа,1
втрачайте,1
вхід,1
вчера,1
выбирают,1
выделиться,1
выходные,1
деталі,1
дивитися,1
динамічному,1
житло,1
діють,1
дії,1
евора,1
евору,1
евро,1
ехать,1
жива,1
живой,1
жилет,1
загрузка,1
дізнатися,1
закрепленных,1
залишилось,1
залог,1
западом,1
запитання,1
заплатить,1
запустим,1
защитой,1
заявки,1
дій,1
друзів,1
динозаврів,1
дополнительный,1
дитину,1
добавить,1
доброе,1
доглядаю,1
дозвіл,1
документ,1
документы,1
долари,1
доманська,1
допомогти,1
дружної,1
дорослий,1
дорослі,1
досвідом,1
доставити,1
доставка,1
дочь,1
доєднуйся,1
друга,1
дружбу,1
вигідно,1
вигулювати,1
вибір,1
niss,1
google,1
instagram,1
izadorozhnaya,1
joaquim,1
kakaya,1
kod,1
lichke,1
lisboa,1
marketing,1
obidos,1
dobriy,1
oeiras,1
parque,1
paço,1
performance,1
personal,1
pro,1
prodoljem,1
sns,1
summa,1
euroмес,1
dino,1
австрії,1
3500,1
"
  ",1
" 


",1
"  

",1
"  
  ",1
   ,1
100,1
1200,1
14го,1
1кмес,1
400,1
den,1
550,1
6284,1
arcos,1
arnaud,1
assistant,1
barasoljulia,1
bitly41trhqy,1
carcavelos,1
cascais,1
ögk,1
автобусі,1
взр,1
більше,1
болте,1
большом,1
борт,1
боты,1
бронюйте,1
буде,1
будинок,1
будуть,1
бігу,1
вакансії,1
бизнесу,1
вартість,1
вашего,1
вашему,1
вдячна,1
вендаш,1
вечерхотим,1
вечора,1
вещи,1
взаємодопомога,1
близько,1
бизнеса,1
агенство,1
аренду,1
адаптація,1
адаптивные,1
адвоката,1
адресами,1
адідас,1
алгоритм,1
алмаде,1
апреля,1
арбітражу,1
атак,1
березні,1
атмосфера,1
аудиторія,1
багато,1
бажаєте,1
базовых,1
бар,1
бачила,1
безліч,1
безопасно,1
звати,1
звуть,1
порадьте,1
звісно,1
одесою,1
одне,1
однодумцями,1
однодумців,1
одностраничные,1
одностраничный,1
онлайн,1
онлайнпреимущество,1
організація,1
організованийа,1
орендою,1
оренду,1
ориентир,1
осваиваться,1
особисті,1
ответили,1
отключён,1
отличном,1
отправить,1
отправлять,1
отримайте,1
одежды,1
обєднуйся,1
объект,1
номеров,1
находят,1
нащо,1
недорого,1
неділю,1
новаш,1
новими,1
новин,1
новини,1
номера,1
"



",1
обстановку,1
ночной,1
нужды,1
німеччини,1
ніхто,1
ніщо,1
обмежені,1
обновления,1
обновлениями,1
обратиться,1
отримання,1
отримаєш,1
отримувати,1
покупал,1
подорожі,1
подробной,1
подросток,1
подій,1
поділіться,1
поехали,1
познайомитись,1
познайомитися,1
поиске,1
полгода,1
податковий,1
получи,1
пользовательский,1
поменять,1
помогут,1
поможем,1
помочь,1
поміняти,1
поправки,1
поради,1
подбала,1
погода,1
оформити,1
перевозчики,1
оформить,1
оформлением,1
офіційний,1
офіційно,1
офіційного,1
пʼятницю,1
парикмахеров,1
пару,1
первое,1
перевізника,1
повернення,1
переезде,1
переходь,1
переїзд,1
писать,1
пиши,1
планируем,1
планирую,1
плануєте,1
платят,1
наступні,1
нарати,1
направлению,1
комунальними,1
квартирі,1
квітні,1
києва,1
классный,1
клуб,1
коктейлі,1
количества,1
компанія,1
компанії,1
комфортабельному,1
кваліфіковано,1
конкуренты,1
контакт,1
контактом,1
контакты,1
корисні,1
кохання,1
кохану,1
красивым,1
кратчайшие,1
квартиру,1
кашкаїш,1
країні,1
индивидуальный,1
здає,1
здається,1
земляками,1
знайдеться,1
знаходишся,1
знає,1
зробить,1
зустріти,1
зустрічей,1
информацией,1
кашкайшу,1
итоги,1
йде,1
каже,1
каких,1
каналі,1
карточками,1
касі,1
катался,1
качества,1
краще,1
креативні,1
найдем,1
мобілізація,1
машин,1
машиною,1
машины,1
маєш,1
мгновенная,1
мегарозыгрыше,1
метро,1
миграционным,1
миколаєвом,1
можливість,1
маммолога,1
молекулярна,1
молчат,1
момента,1
мошкавіде,1
місцевій,1
місць,1
надати,1
надішліть,1
найбільш,1
марія,1
майстерня,1
кривим,1
легке,1
ктонибудь,1
ктото,1
куди,1
купівлею,1
кухня,1
кінець,1
лабораторія,1
лагерей,1
ласкаво,1
легкість,1
майстерклас,1
лисабоне,1
лиссабону,1
лохов,1
лучшая,1
лучшей,1
люди,1
людину,1
людьми,1
магазинов,1
нормальный,1
