message,cluster
https://www.instagram.com/germany_flowers_shop?igsh=MWtwbmtpY3FrZWh5Mg==,4
–Ø –∞ –ë–µ—Ä–ª–∏–Ω–µ –Ω–µ–¥–∞–≤–Ω–æ –¥–µ–ª–∞–ª–∞. –õ—é–¥–µ–π –æ—á–µ–Ω—å –º–∞–ª–æ. –ñ–∏–≤–æ–π –æ—á–µ—Ä–µ–¥—å—é –º–æ–∂–Ω–æ –±–µ–∑ –ø—Ä–æ–±–ª–µ–º. –ù–∞–ª–∏—á–Ω—ã–µ –Ω–µ –ø—Ä–∏–Ω–∏–º–∞—é—Ç. –¢–æ–ª—å–∫–æ —É–∫—Ä–∞–∏–Ω—Å–∫–∞—è –∫–∞—Ä—Ç–∞ –¥–ª—è –≥—Ä–∏–≤–Ω–∏ –∏ –≤ –µ–≤—Ä–æ –¥–ª—è –µ–≤—Ä–æ.,2
"–î–æ–±—Ä–æ–µ —É—Ç—Ä–æ. –ü–æ–¥—Å–∫–∞–∂–∏—Ç–µ, –µ—Å–ª–∏ –µ—Ö–∞—Ç—å –¥–ø –¥–æ–∫—É–º–µ–Ω—Ç –≤ –ë–µ—Ä–ª–∏–Ω –¥–ª—è –æ—Ñ–æ—Ä–º–ª–µ–Ω–∏–µ –∑–∞–≥–∞—Ä–∞–Ω–∞, –Ω—É–∂–Ω–æ –∑–∞–ø–∏—Å—ã–≤–∞—Ç—å—Å—è –æ–Ω–ª–∞–π–Ω –∏–ª–∏ –≤ –ø–æ—Ä—è–¥–∫–µ –∂–∏–≤–æ–π –æ—á–µ—Ä–µ–¥–∏? –ò –∫–∞–∫ —Å –æ–ø–ª–∞—Ç–æ–π, —Ç–æ–ª—å–∫–æ –Ω–∞–ª–∏—á–∫–æ–π –∏–ª–∏ –ø—Ä–∏–º–∞—é—Ç –Ω–µ–º–µ—Ü–∫—É—é –∫–∞—Ä—Ç—É? –°–ø–∞—Å–∏–±–æ",3
"–ó–¥—Ä–∞–≤—Å—Ç–≤—É–π—Ç–µ. –õ—é–¥–∏, –ø–æ–¥—Å–∫–∞–∂–∏—Ç–µ, –ø–æ–∂–∞–ª—É–π—Å—Ç–∞ –∫–æ–Ω—Ç–∞–∫—Ç—ã —é—Ä–∏—Å—Ç–∞ –ø–æ —Ç—Ä—É–¥–æ–≤—ã–º –æ—Ç–Ω–æ—à–µ–Ω–∏—è–º –≤ –ë–µ—Ä–ª–∏–Ω–µ –∏ –≤–æ–æ–±—â–µ –≤ –ì–µ—Ä–º–∞–Ω–∏–∏. –ë–ª–∞–≥–æ–¥–∞—Ä—é –∫–∞–∂–¥–æ–≥–æ –∑–∞ —Ä–∞–Ω–µ–µ.",3
"–°–º–æ—Ç—Ä–∏—Ç–µ, –ø–æ—Å–æ–ª—å—Å—Ç–≤–æ —Ç–æ–ª—å–∫–æ –æ–¥–Ω–æ –∏ –æ–Ω–æ –≤ –ë–µ—Ä–ª–∏–Ω–µ. –í –¥—Ä—É–≥–∏—Ö –≥–æ—Ä–æ–¥–∞—Ö –ì–µ—Ä–º–∞–Ω–∏–∏, –≤ —Ç.—á. –∏ –≤ –ú—é–Ω—Ö–µ–Ω–µ —ç—Ç–æ –∫–æ–Ω—Å—É–ª—å—Å—Ç–≤–æ",1
"–ú–æ–∂–µ—Ç –±—ã—Ç—å –≤—Å—ë-—Ç–∞–∫–∏ –ö–æ–Ω—Å—É–ª—å—Å—Ç–≤–∞?
–ú—é–Ω—Ö–µ–Ω: **gc_dem@mfa.gov.ua**
–ë–µ—Ä–ª–∏–Ω: **consul_de@mfa.gov.ua**",0
"–ó–¥—Ä–∞–≤—Å—Ç–≤—É–π—Ç–µ. –ï—Å–ª–∏ –∏–∑–≤–µ—Å—Ç–Ω–æ –∫–æ–º—É-—Ç–æ, –ø–æ–¥—Å–∫–∞–∂–∏—Ç–µ, –ø–æ–∂–∞–ª—É–π—Å—Ç–∞, —ç–ª–µ–∫—Ç—Ä–æ–Ω–Ω—ã–π –∞–¥—Ä–µ—Å –ø–æ—Å–æ–ª—å—Å—Ç–≤–∞ –£–∫—Ä–∞–∏–Ω—ã –≤ –ú—é–Ω—Ö–µ–Ω–µ –∏–ª–∏ –≤ –ë–µ—Ä–ª–∏–Ω–µ?",3
–í –±–µ—Ä–ª–∏–Ω–µ –ø–æ–ª–Ω–æ —Ä—É—Å—Å–∫–æ–≥–æ–≤–æ—Ä—è—â–∏—Ö –≤—Ä–∞—á–µ–π,2
"–°–¥–∞—ë—Ç—Å—è –∫–æ–º–Ω–∞—Ç–∞ –≤ –¥–æ–º–µ —Å —É—á–∞—Å—Ç–∫–æ–º –∑–µ–º–ª–∏ –∏ —Ç–µ—Ä–∞—Å—Å–æ–π –≤ Bernau bei Berlin 449 –µ–≤—Ä–æ kalt, –≤—Å–µ–≥–æ 20 –º–∏–Ω—É—Ç –¥–æ —Ü–µ–Ω—Ç—Ä–∞ –ë–µ—Ä–ª–∏–Ω–∞, –Ω–æ–≤–∞—è –∫—É—Ö–Ω—è –∏ —Å—Ç–∏—Ä–∞–ª—å–Ω–∞—è –º–∞—à–∏–Ω–∫–∞.",2
"–í—ã–¥–∞–ª–∏ —Ä–µ–±–µ–Ω–∫—É –≤ —à–∫–æ–ª–µ –ø—Ä–æ–µ–∑–¥–Ω–æ–π –±–∏–ª–µ—Ç –∑–µ–º–ª—è NRW. –ü–æ–¥—Å–∫–∞–∂–∏—Ç–µ, –ø–æ–∂–∞–ª—É–π—Å—Ç–∞, —Å–º–æ–∂–µ–º –ª–∏ –º—ã –ø–æ –Ω–µ–º—É –ø–æ–µ—Ö–∞—Ç—å –±–µ—Å–ø–ª–∞—Ç–Ω–æ –Ω–∞ —ç–ª–µ–∫—Ç—Ä–∏—á–∫–µ –≤ –ö—ë–ª—å–Ω –∏–ª–∏ –≤ –ë–µ—Ä–ª–∏–Ω –∑–∞ —É–∫—Ä–∞–∏–Ω—Å–∫–∏–º –ø–∞—Å–ø–æ—Ä—Ç–æ–º? –ò–ª–∏ –±–µ—Å–ø–ª–∞—Ç–Ω–æ –º–æ–∂–Ω–æ –µ–∑–¥–∏—Ç—å —Ç–æ–ª—å–∫–æ –≤ –∞–≤—Ç–æ–±—É—Å–∞—Ö –ø–æ —Å–≤–æ–µ–π –∑–µ–º–ª–µ?",3
"–í —Ç—Ä–∏—Ä –µ–¥—å—Ç–µ –∏–ª–∏ –ë–µ—Ä–ª–∏–Ω, —Ç–∞–º —á–∏—Ç–∞–ª —á—Ç–æ –ø—Ä–∏–Ω–∏–º–∞—é—Ç",2
"‚úÖ **–£–ö–†–ê–á–ù–°–¨–ö–ê –î–Ü–ê–°–ü–û–†–ê –£ –ù–Ü–ú–ï–ß–ß–ò–ù–Ü** üá∫üá¶üá©üá™

üîπ **–£—Å–µ –Ω–µ–æ–±—Ö—ñ–¥–Ω–µ –¥–ª—è –∫–æ–º—Ñ–æ—Ä—Ç–Ω–æ–≥–æ –∂–∏—Ç—Ç—è –≤ –ù—ñ–º–µ—á—á–∏–Ω—ñ!**

üîó [**–î–æ–ª—É—á–∞–π—Ç–µ—Å—è –¥–æ –Ω–∞—à–æ—ó –≥—Ä—É–ø–∏!**](https://t.me/deutschland_diaspora)

**–£ –Ω–∞—Å –≤–∏ –∑–Ω–∞–π–¥–µ—Ç–µ:**
üìù –ü—Ä–æ—Ñ–µ—Å—ñ–π–Ω—É —é—Ä–∏–¥–∏—á–Ω—É –ø—ñ–¥—Ç—Ä–∏–º–∫—É –∑ –ø–∏—Ç–∞–Ω—å —ñ–º–º—ñ–≥—Ä–∞—Ü—ñ—ó, –í–ù–ñ, –±—ñ–∑–Ω–µ—Å—É —Ç–∞ —Å–∞–º–æ–∑–∞–π–Ω—è—Ç–æ—Å—Ç—ñ.
üîç –í–∞–∫–∞–Ω—Å—ñ—ó –¥–ª—è —Å–ø–µ—Ü—ñ–∞–ª—ñ—Å—Ç—ñ–≤ —É—Å—ñ—Ö —Ä—ñ–≤–Ω—ñ–≤.
üßë‚Äç‚öïÔ∏è –ö–æ–Ω—Ç–∞–∫—Ç–∏ –º–µ–¥–∏—á–Ω–∏—Ö —Ñ–∞—Ö—ñ–≤—Ü—ñ–≤ —ñ –≤–µ—Ç–µ—Ä–∏–Ω–∞—Ä—ñ–≤, —è–∫—ñ —Ä–æ–∑—É–º—ñ—é—Ç—å –≤–∞—à—É –º–æ–≤—É.
üöò –ö–æ—Ä–∏—Å–Ω—ñ –ø–æ—Ä–∞–¥–∏ –¥–ª—è –∞–≤—Ç–æ–º–æ–±—ñ–ª—ñ—Å—Ç—ñ–≤ —ñ–∑ –∞–≤—Ç–æ –Ω–∞ —É–∫—Ä–∞—ó–Ω—Å—å–∫–∏—Ö –Ω–æ–º–µ—Ä–∞—Ö.
‚úâÔ∏è –ù–∞–¥—ñ–π–Ω—ñ –≤–∞—Ä—ñ–∞–Ω—Ç–∏ –≥—Ä–æ—à–æ–≤–∏—Ö –ø–µ—Ä–µ–∫–∞–∑—ñ–≤.
üìö –†–µ–∫–æ–º–µ–Ω–¥–∞—Ü—ñ—ó —Ç–∞ –º–∞—Ç–µ—Ä—ñ–∞–ª–∏ –¥–ª—è –≤–∏–≤—á–µ–Ω–Ω—è –Ω—ñ–º–µ—Ü—å–∫–æ—ó –º–æ–≤–∏.

‚úÖ **–†–æ–±–æ—Ç–∞ —Ç–∞ –Ω–∞–≤—á–∞–Ω–Ω—è –≤ –ù—ñ–º–µ—á—á–∏–Ω—ñ | –í–∞–∂–ª–∏–≤—ñ –Ω–æ–≤–∏–Ω–∏**

‚ùóÔ∏è **–î—ñ–∑–Ω–∞–≤–∞–π—Ç–µ—Å—è –ø–µ—Ä—à–∏–º–∏ –ø—Ä–æ –Ω–æ–≤–∏–Ω–∏, –º–æ–∂–ª–∏–≤–æ—Å—Ç—ñ —Ä–æ–±–æ—Ç–∏, –Ω–∞–≤—á–∞–Ω–Ω—è —Ç–∞ –∫–æ—Ä–∏—Å–Ω—ñ –ø–æ—Ä–∞–¥–∏ –¥–ª—è –∂–∏—Ç—Ç—è –≤ –ù—ñ–º–µ—á—á–∏–Ω—ñ!**",4
"–î–æ–±—Ä—ã–π –¥–µ–Ω—å. –ö—Ç–æ-–Ω–∏–±—É–¥—å –∑–Ω–∞–µ—Ç, –µ—Å—Ç—å –ª–∏ –≤ –µ—â—ë –ë–µ—Ä–ª–∏–Ω–µ –º–∞–≥–∞–∑–∏–Ω—ã —Å –≤–µ—â–∞–º–∏ –ø–æ –Ω–∏–∑–∫–∏–º —Ü–µ–Ω–∞–º –∏–ª–∏ —Å–∫–ª–∞–¥—ã —Å –±–µ—Å–ø–ª–∞—Ç–Ω—ã–º–∏ –≤–µ—â–∞–º–∏?",2
"10 000 —É–∫—Ä–∞–∏–Ω—Ü–µ–≤ –∑–∞–≥—Ä–∞–Ω–∏—Ü–µ–π –æ–±—ä–µ–¥–∏–Ω–∏–ª–∏—Å—å –≤ –±—å—é—Ç–∏ —á–∞—Ç–µ. 

–í—ã –º–æ–∂–µ—Ç–µ :
üîπ–Ω–∞–π—Ç–∏ –º–∞—Å—Ç–µ—Ä–∞
üîπ–Ω–∞–π—Ç–∏ –∫–ª–∏–µ–Ω—Ç–æ–≤
üîπ—Ä–∞–∑–º–µ—Å—Ç–∏—Ç—å –≤–∞–∫–∞–Ω—Å–∏–∏
üîπ–¥–µ–ª–∏—Ç—å—Å—è –ø–æ–ª–µ–∑–Ω–æ–π –∏–Ω—Ñ–æ—Ä–º–∞—Ü–∏–µ–π

–î–æ–±–∞–≤–ª—è–π—Ç–µ—Å—å üôåüèª
https://t.me/beauty_masters_from_ua


–¢–∞–∫–∂–µ, –µ—Å—Ç—å –±—å—é—Ç–∏ —á–∞—Ç –ì–µ—Ä–º–∞–Ω–∏–∏ https://t.me/germany_masters_from_ua",4
"–ù–µ —Å–∞–º—ã–π –ª—É—á—à–∏–π –≤–∞—Ä–∏–∞–Ω—Ç. –õ–∞–≥–µ—Ä—å –≤ –ë–µ—Ä–ª–∏–Ω–µ –æ—á–µ–Ω—å –ø–µ—Ä–µ–ø–æ–ª–Ω–µ–Ω –∏ —Ç–∞–º –≤—Å–µ –¥–æ–ª–≥–æ –¥–µ–ª–∞–µ—Ç—Å—è. –õ—É—á—à–µ –µ–¥—å—Ç–µ –≤ –¥—Ä—É–≥–æ–π –ø—Ä–∏–Ω–∏–º–∞—é—â–∏–π –±–µ–∂–µ–Ω—Ü–µ–≤ –ª–∞–≥–µ—Ä—å. –ù–∞–ø—Ä–∏–º–µ—Ä, –≤ –≥.–ë–æ—Ö—É–º, —ç—Ç–æ –∑–µ–º–ª—è –°–µ–≤–µ—Ä–Ω—ã–π –†–µ–π–Ω –í–µ—Å—Ç—Ñ–∞–ª–∏—è. –í –ª–∞–≥–µ—Ä–µ —Å–æ—Ü—Ä–∞–±–æ—Ç–Ω–∏–∫–∏ –≤–∞—Å —Å–æ—Ä–∏–µ–Ω—Ç–∏—Ä—É—é—Ç –∏ –ø–æ–º–æ–≥—É—Ç –±—ã—Å—Ç—Ä–µ–µ –∏ –ø—Ä–∞–≤–∏–ª—å–Ω–µ–µ –æ—Ñ–æ—Ä–º–∏—Ç—å –¥–æ–∫—É–º–µ–Ω—Ç—ã. –ù–æ –≤ –ë–æ—Ö—É–º–µ —ç—Ç–æ –ø–µ—Ä–≤–∏—á–Ω—ã–π –ª–∞–≥–µ—Ä—å, –≤–∞—Å –ø–æ—Ç–æ–º –Ω–∞–ø—Ä–∞–≤—è—Ç –≤ —Å–ª–µ–¥—É—é—â–∏–π, –∫–æ—Ç–æ—Ä—ã–π –µ—â—ë –ø—Ä–∏–Ω–∏–º–∞–µ—Ç –±–µ–∂–µ–Ω—Ü–µ–≤. –ó–∞—Ç–µ–º –≤–æ–∑–º–æ–∂–Ω–æ –≤ —Å–æ—Ü–∂–∏–ª—å–µ. –ù–æ –≤–∞–º –Ω—É–∂–Ω–∞ –ø—Ä–æ–ø–∏—Å–∫–∞ –¥–ª—è –ø–æ–¥–∞—á–∏ –≤ –º–∏–≥—Ä–∞—Ü–∏–æ–Ω–∫—É –Ω–∞ –ø–∞—Ä–∞–≥—Ä–∞—Ñ. –ö–æ–≥–¥–∞ –±—É–¥–µ—Ç–µ –≤ –ª–∞–≥–µ—Ä–µ —Å–ø—Ä–æ—Å–∏—Ç–µ, –∫–∞–∫ —Å–≤—è–∑–∞—Ç—å—Å—è —Å –ö–∞—Ä–∏—Ç–∞—Å–æ–º, —ç—Ç–æ –ö—Ä–∞—Å–Ω—ã–π –∫—Ä–µ—Å—Ç. –û–Ω–∏ –≤–∞–º –ø–æ–º–æ–≥—É—Ç —Å —Ä–∞–∑–º–µ—â–µ–Ω–∏–µ–º –∏ –ª–µ—á–µ–Ω–∏–µ–º. –í–∞–º –Ω—É–∂–Ω–æ –æ—Ñ–æ—Ä–º–∏—Ç—å –∫–∞–∫ –º–æ–∂–Ω–æ –±—ã—Å—Ç—Ä–µ–µ —Å—Ç—Ä–∞—Ö–æ–≤–∫—É, –≤–æ—Ç –ø—Ä–æ—Å–∏—Ç–µ –ö–∞—Ä–∏—Ç–∞—Å –æ–± —ç—Ç–æ–º. –¢–∞–∫ –∫–∞–∫ –±–µ–∑ —Å—Ç—Ä–∞—Ö–æ–≤–∫–∏ –ª–µ—á–µ–Ω–∏–µ –≤ –ì–µ—Ä–º–∞–Ω–∏–∏ –æ—á–µ–Ω—å –¥–æ—Ä–æ–≥–æ–µ.",1
