text,needs
"[üåí](https://t.me/iGroupHelp) **–ù–û–ß–ù–û–ô –†–ï–ñ–ò–ú –û–¢–ö–õ–Æ–ß–Å–ù**

‚úÖ –° —ç—Ç–æ–≥–æ –º–æ–º–µ–Ω—Ç–∞ —Å–Ω–æ–≤–∞ –º–æ–∂–Ω–æ –æ—Ç–ø—Ä–∞–≤–ª—è—Ç—å —Ç–µ–∫—Å—Ç–æ–≤—ã–µ —Å–æ–æ–±—â–µ–Ω–∏—è –≤ –≥—Ä—É–ø–ø—É.",[]
"üöÄ **–®—É–∫–∞—î–º–æ Personal Assistant —É –õ—ñ—Å–∞–±–æ–Ω—ñ!** üåç  

–ú–∏ ‚Äì —É–∫—Ä–∞—ó–Ω—Å—å–∫–∞ performance marketing –∫–æ–º–ø–∞–Ω—ñ—è, —â–æ –ø—Ä–∞—Ü—é—î —É —Å—Ñ–µ—Ä—ñ –∞—Ä–±—ñ—Ç—Ä–∞–∂—É —Ç—Ä–∞—Ñ—ñ–∫—É. –Ø–∫—â–æ —Ç–∏ –æ—Ä–≥–∞–Ω—ñ–∑–æ–≤–∞–Ω–∏–π(-–∞), –≤—ñ–¥–ø–æ–≤—ñ–¥–∞–ª—å–Ω–∏–π(-–∞) —Ç–∞ —Ö–æ—á–µ—à –ø—Ä–∞—Ü—é–≤–∞—Ç–∏ –≤ –¥–∏–Ω–∞–º—ñ—á–Ω–æ–º—É —Å–µ—Ä–µ–¥–æ–≤–∏—â—ñ, —Ç–æ —Ü—è –º–æ–∂–ª–∏–≤—ñ—Å—Ç—å —Å–∞–º–µ –¥–ª—è —Ç–µ–±–µ!  

üìå **–î–µ—Ç–∞–ª—ñ –≤–∞–∫–∞–Ω—Å—ñ—ó —Ç—É—Ç:**  
https://leadsdoit.peopleforce.io/careers/v/112458-personal-assistant?source_id=4620

–Ø–∫—â–æ –≤–∏–Ω–∏–∫–ª–∏ –∑–∞–ø–∏—Ç–∞–Ω–Ω—è ‚Äì **–ø–∏—à–∏ –≤ –æ—Å–æ–±–∏—Å—Ç—ñ ****@izadorozhnaya****. **
–ß–µ–∫–∞—î–º–æ —Å–∞–º–µ –Ω–∞ —Ç–µ–±–µ! üòä",[]
"–û—Ä–µ–Ω–¥—É—î—Ç—å—Å—è –∫—ñ–º–Ω–∞—Ç–∞ –∑ –±–∞–ª–∫–æ–Ω–æ–º —É –ö–∞—à–∫–∞–π—à—ñ, –ø–æ—á–∏–Ω–∞—é—á–∏ –∑ –∫–≤—ñ—Ç–Ω—è. –¢—ñ–ª—å–∫–∏ –¥–ª—è –¥—ñ–≤—á–∞—Ç. 550‚Ç¨",['no_housing']
"**–†–ê–°–ü–†–û–î–ê–ñ–ê 50% –°–ö–ò–î–ö–ê!**

**–ì—Ä—É–ø–ø—ã** **—Å—Ç–∞–±–∏–ª—å–Ω–æ –ø—Ä–∏–Ω–æ—Å—è—â–∏–µ –ø–æ 800‚Ç¨ –º–µ—Å—è—Üü§ë **‚Äî –†–∞–π –¥–ª—è –∏–Ω–≤–µ—Å—Ç–æ—Ä–æ–≤

–ü–æ–ª–æ–≤–∏–Ω—É –≥—Ä—É–ø–ø —É–∂–µ —Ä–∞—Å–∫—É–ø–∏–ª–∏ –∑–∞ 2 –¥–Ω—è , —É—Å–ø–µ–π –∫—É–ø–∏—Ç—å –ø–æ–∫–∞ –µ—â–µ –Ω–µ —Ä–∞–∑–æ–±—Ä–∞–ª–∏!

üëáüëáüëá
https://t.me/+R2v8FUA-TUM2MWYy
https://t.me/+R2v8FUA-TUM2MWYy",[]
"–û—Ä–µ–Ω–¥—É—î—Ç—å—Å—è –∫—ñ–º–Ω–∞—Ç–∞ –∑ –±–∞–ª–∫–æ–Ω–æ–º —É –ö–∞—à–∫–∞–π—à—ñ, –ø–æ—á–∏–Ω–∞—é—á–∏ –∑ –∫–≤—ñ—Ç–Ω—è. –¢—ñ–ª—å–∫–∏ –¥–ª—è –¥—ñ–≤—á–∞—Ç.",['no_housing']
"–Ø–∫—â–æ –≤–∏ –æ—Ñ—ñ—Ü—ñ–π–Ω–æ –ø—Ä–∞—Ü—é—î—Ç–µ, —Ä–æ–±–æ—Ç–æ–¥–∞–≤–µ—Ü—å –æ—Ñ–æ—Ä–º–∏—Ç—å –≤–∞—Å —É –º—ñ—Å—Ü–µ–≤—ñ–π —Å—Ç—Ä–∞—Ö–æ–≤—ñ–π –∫–æ–º–ø–∞–Ω—ñ—ó. –Ø–∫—â–æ –Ω—ñ ‚Äî –ø–æ—Ç—Ä—ñ–±–Ω–æ —Å–∞–º–æ—Å—Ç—ñ–π–Ω–æ –∑–∞—Ä–µ—î—Å—Ç—Ä—É–≤–∞—Ç–∏—Å—è —É —Å—Ç—Ä–∞—Ö–æ–≤—ñ–π –∫–∞—Å—ñ √ñGK.",[]
–Ø–∫ –æ—Ç—Ä–∏–º–∞—Ç–∏ –º–µ–¥–∏—á–Ω—É —Å—Ç—Ä–∞—Ö–æ–≤–∫—É –≤ –ê–≤—Å—Ç—Ä—ñ—ó?,[]
"–ü—Ä–æ–¥–∞—é —à–æ—Ä—Ç–∏ –¥–ª—è —Ñ—É—Ç–±–æ–ª—É —Ç–∞–∫–æ–∂ –¥–ª—è –±—ñ–≥—É –ê–¥—ñ–¥–∞—Å —è –≤–∂–µ –≤–∏—Ä—ñ—Å –∑ –Ω–∏—Ö —Ä–æ–∑–º—ñ—Ä S
–¶—ñ–Ω–∞: 6‚Ç¨
–ú–æ–∂—É –ø—Ä–∏–≤–µ–∑—Ç–∏ –ø–æ –≤—Å—å–æ–º—É –õ—ñ—Å–∞–±–æ–Ω—É —ñ –º–æ–∂—É –ø—Ä–∏–≤–µ–∑—Ç–∏ –≤ –ö–∞—à–∫–∞—ó—à —Ç–∞ –≤ –°—ñ–Ω—Ç—Ä—É",[]
"–î–æ–±—Ä–∏–π –¥–µ–Ω—å, –æ—Ä–µ–Ω–¥—É—î—Ç—å—Å—è –∫—ñ–º–Ω–∞—Ç–∞ –∑ –±–∞–ª–∫–æ–Ω–æ–º —É –ö–∞—à–∫–∞–π—à—ñ, –ø–æ—á–∏–Ω–∞—é—á–∏ –∑ –∫–≤—ñ—Ç–Ω—è. –¢—ñ–ª—å–∫–∏ –¥–ª—è –¥—ñ–≤—á–∞—Ç",['no_housing']
"**3 –≥—Ä—É–ø–ø—ã –≤ Telegram –º–æ–≥—É—Ç –ø—Ä–∏–Ω–æ—Å–∏—Ç—å –¥–æ—Ö–æ–¥, —Å—Ä–∞–≤–Ω–∏–º—ã–π —Å–æ —Å–¥–∞—á–µ–π –¥–≤—É—Ö–∫–æ–º–Ω–∞—Ç–Ω–æ–π –∫–≤–∞—Ä—Ç–∏—Ä—ã –≤ –ö–∏–µ–≤–µ.**

–ü—Ä–∏ –ø—Ä–∞–≤–∏–ª—å–Ω–æ–º –ø–æ–¥—Ö–æ–¥–µ Telegram-–≥—Ä—É–ø–ø—ã –º–æ–≥—É—Ç —Å—Ç–∞—Ç—å —Å—Ç–∞–±–∏–ª—å–Ω—ã–º –∏—Å—Ç–æ—á–Ω–∏–∫–æ–º –¥–æ—Ö–æ–¥–∞. –≠—Ç–æ **–≥–æ—Ç–æ–≤—ã–π –±–∏–∑–Ω–µ—Å** —Å –ø—Ä–æ—Å—Ç–æ–π –∏ –ø–æ–Ω—è—Ç–Ω–æ–π –º–æ–¥–µ–ª—å—é.

–ï—Å–ª–∏ –≤—ã –∏—â–µ—Ç–µ **–≤—ã–≥–æ–¥–Ω—ã–π —Å–ø–æ—Å–æ–± –≤–ª–æ–∂–∏—Ç—å –¥–µ–Ω—å–≥–∏** –∏ –ø–æ–ª—É—á–∞—Ç—å —Å—Ç–∞–±–∏–ª—å–Ω—É—é –ø—Ä–∏–±—ã–ª—å, **Telegram-–≥—Ä—É–ø–ø—ã ‚Äì –ª—É—á—à–µ–µ —Ä–µ—à–µ–Ω–∏–µ**. –í–ª–æ–∂–µ–Ω–Ω—ã–µ —Å—Ä–µ–¥—Å—Ç–≤–∞ –æ–∫—É–ø–∞—é—Ç—Å—è –∑–∞ 3‚Äì12 –º–µ—Å—è—Ü–µ–≤, –≤ —Ç–æ –≤—Ä–µ–º—è –∫–∞–∫ –∫–≤–∞—Ä—Ç–∏—Ä–∞ ‚Äî –æ—Ç 6 –ª–µ—Ç.

üìå **–ü—Ä–æ–¥–∞–∂–∞ –≥—Ä—É–ø–ø**
üí∞ **–¶–µ–Ω—ã –æ—Ç 3 000 ‚Ç¨ –∑–∞ –æ–¥–Ω—É**

üìã **–°–ø–∏—Å–æ–∫ –¥–æ—Å—Ç—É–ø–Ω—ã—Ö –≥—Ä—É–ø–ø:**
https://t.me/+K3iTSZvF8Jk0YWMy
https://t.me/Ukrainians_Europe/27

‚ö† **–í–æ –∏–∑–±–µ–∂–∞–Ω–∏–µ –º–æ—à–µ–Ω–Ω–∏—á–µ—Å—Ç–≤–∞ —Å–¥–µ–ª–∫–∞ –ø—Ä–æ—Ö–æ–¥–∏—Ç —á–µ—Ä–µ–∑ –≥–∞—Ä–∞–Ω—Ç–∞. **–ö–∞–∫? –°–º–æ—Ç—Ä–µ—Ç—å —Ç—É—Çüëá
https://t.me/tumobog_bir/7095
**–û–ø–ª–∞—Ç—É –≥–∞—Ä–∞–Ω—Ç–∞ –±–µ—Ä–µ–º –Ω–∞ —Å–µ–±—è.**

‚Äº **–í–∞–∂–Ω–æ:**
–ù–µ –ø–∏—à–∏—Ç–µ –±–æ—Ç—É, –µ—Å–ª–∏ **–Ω–µ –≤—ã–±—Ä–∞–ª–∏** –≥—Ä—É–ø–ø—É, –∫–æ—Ç–æ—Ä—É—é —Ö–æ—Ç–∏—Ç–µ –∫—É–ø–∏—Ç—å. **–û–±—Ä–∞—â–∞–π—Ç–µ—Å—å —Ç–æ–ª—å–∫–æ –ø—Ä–∏ –ø–æ–ª–Ω–æ–π –≥–æ—Ç–æ–≤–Ω–æ—Å—Ç–∏ –∫ –ø–æ–∫—É–ø–∫–µ.**

üéÅ **–°–ø–µ—Ü–∏–∞–ª—å–Ω–æ–µ –ø—Ä–µ–¥–ª–æ–∂–µ–Ω–∏–µ:**
–ï—Å–ª–∏ –≤ —Ç–µ—á–µ–Ω–∏–∏ 3 –¥–Ω–µ–π –≤—ã –Ω–∞–ø–∏—Å–∞–ª–∏ –∏ –º—ã **–∑–∞–∫–ª—é—á–∏–º —Å–¥–µ–ª–∫—É –Ω–∞ 2 –≥—Ä—É–ø–ø—ã**, **—Ç—Ä–µ—Ç—å—é –≤—ã –ø–æ–ª—É—á–∞–µ—Ç–µ –∞–±—Å–æ–ª—é—Ç–Ω–æ –±–µ—Å–ø–ª–∞—Ç–Ω–æ!**

**–ü—Ä–∏ –≥–æ—Ç–æ–≤–Ω–æ—Å—Ç–∏ –∫—É–ø–∏—Ç—å –ø–∏—à–∏—Ç–µ**
üëâ[**@ManagerCommercialBot**](https://t.me/ManagerCommercialBot?start=hello)**üëà**",['no_housing']
"–í—Å—ñ–º –ø—Ä–∏–≤—ñ—Ç! –ú–µ–Ω–µ –∑–≤–∞—Ç–∏ –ì–ª—ñ–±, –º–µ–Ω—ñ 15 —è —à—É–∫–∞—é –ø—ñ–¥—Ä–æ–±—ñ—Ç–æ–∫. –Ø –º–æ–∂—É –ø—Ä–∏–±–∏—Ä–∞—Ç–∏ –≤–¥–æ–º–∞, –≥–æ—Ç—É–≤–∞—Ç–∏ –ø—Ä–æ—Å—Ç—ñ —Å—Ç—Ä–∞–≤–∏, –≤–∏–≥—É–ª—é–≤–∞—Ç–∏ —Å–æ–±–∞–∫, —Å—Ö–æ–¥–∏—Ç–∏ –∑–∞ –ø—Ä–æ–¥—É–∫—Ç–∞–º–∏,    –º–æ–∂—É –¥–∏–≤–∏—Ç–∏—Å—è –∑–∞ –¥—ñ—Ç—å–º–∏. –Ø –º–æ–∂—É —É —Å–µ—Ä–µ–¥—É –ø—ñ—Å–ª—è 17:00 —Ç–∞ —É –ø'—è—Ç–Ω–∏—Ü—é –ø—ñ—Å–ª—è 17:00, –∞ —Ç–∞–∫–æ–∂ –Ω–∞ –≤–∏—Ö—ñ–¥–Ω–∏—Ö –ø—Ä–∞—Ü—é—é –ø–æ –≤—Å—å–æ–º—É –õ—ñ—Å–∞–±–æ–Ω—É. –î—è–∫—É—é –∑–∞ —É–≤–∞–≥—É!",['job_search']
–ê —è–∫ —à–≤–∏–¥–∫–æ –º–æ–∂–Ω–∞ –æ—Ç—Ä–∏–º–∞—Ç–∏ —Ç–∏–º—á–∞—Å–æ–≤–∏–π –∑–∞—Ö–∏—Å—Ç?,[]
"–ü–æ—Ç—Ä—ñ–±–µ–Ω –¥–æ–∑–≤—ñ–ª –Ω–∞ –ø—Ä–æ–∂–∏–≤–∞–Ω–Ω—è –∞–±–æ —Ç–∏–º—á–∞—Å–æ–≤–∏–π –∑–∞—Ö–∏—Å—Ç. –Ø–∫—â–æ –º–∞—î—à —Ç–∏–º—á–∞—Å–æ–≤–∏–π –∑–∞—Ö–∏—Å—Ç, –æ—Ç—Ä–∏–º–∞—î—à NIF (–ø–æ–¥–∞—Ç–∫–æ–≤–∏–π –Ω–æ–º–µ—Ä) —ñ NISS (–Ω–æ–º–µ—Ä —Å–æ—Ü—Å—Ç—Ä–∞—Ö—É).",['no_housing']
–Ø–∫—ñ –¥–æ–∫—É–º–µ–Ω—Ç–∏ –ø–æ—Ç—Ä—ñ–±–Ω—ñ –¥–ª—è –æ—Ñ—ñ—Ü—ñ–π–Ω–æ–≥–æ –ø—Ä–∞—Ü–µ–≤–ª–∞—à—Ç—É–≤–∞–Ω–Ω—è –≤ –ü–æ—Ä—Ç—É–≥–∞–ª—ñ—ó?,"['document_issues', 'job_search']"
"–ü—Ä–æ–¥–∞—é —Å–∫–µ–π—Ç –≤ –æ—Ç–ª–∏—á–Ω–æ–º —Å–æ—Å—Ç–æ—è–Ω–∏–∏. –ö–∞—Ç–∞–ª—Å—è –Ω–∞ –Ω–µ–º –≤—Å–µ–≥–æ –º–µ—Å—è—Ü. –ü–æ–∫—É–ø–∞–ª –∑–∞ 100 –µ–≤—Ä–æ, –ø—Ä–æ–¥–∞—é –∑–∞ 70. –í–æ–∑–º–æ–∂–Ω–∞ –¥–æ—Å—Ç–∞–≤–∫–∞ –ø–æ –≤—Å–µ–º—É –õ–∏—Å—Å–∞–±–æ–Ω—É, –ö–∞—à–∫–∞–π—à—É –∏ –°–∏–Ω—Ç—Ä–µ",[]
–ü–æ–¥—Å–∫–∞–∂–∏—Ç–µ –Ω–µ–¥–æ—Ä–æ–≥–æ –∞–¥–≤–æ–∫–∞—Ç–∞ –ø–æ –º–∏–≥—Ä–∞—Ü–∏–æ–Ω–Ω—ã–º –¥–µ–ª–∞–º,['need_lawyer']
–î–µ –º–æ–∂–Ω–∞ –≤–∏–≥—ñ–¥–Ω–æ –ø–æ–º—ñ–Ω—è—Ç–∏ –≥–æ—Ç—ñ–≤–∫–æ–≤—ñ –¥–æ–ª–∞—Ä–∏ –Ω–∞ —î–≤—Ä–æ ? –î—è–∫—É—é!,[]
–î–æ–±—Ä–∏–π!,[]
"–£–≤–∞–≥–∞! –ü—Ä–æ–¥–æ–≤–∂—É—î—Ç—å—Å—è –ø–æ—Å–∞–¥–∫–∞ –Ω–∞ –±–æ—Ä—Ç –õ—ñ—Å–∞–±–æ–Ω - –ï–≤–æ—Ä–∞ - –õ—ñ—Å–∞–±–æ–Ω! 
–ü–∏—à—ñ—Ç—å –≤ –ø—Ä–∏–≤–∞—Ç - —Ä–æ–∑–ø–æ–≤—ñ–º!",[]
–î–æ–±—Ä—ã–π –¥–µ–Ω—å. –ï—Å–ª–∏ –≤–∞–º –æ—Ç–≤–µ—Ç–∏–ª–∏ –ø–æ–¥–µ–ª–∏—Ç–µ—Å—å –ø–æ–∂–∞–ª—É–π—Å—Ç–∞ –∞–¥—Ä–µ—Å–∞–º–∏ –ª–∞–≥–µ—Ä–µ–π,[]
"–î–æ–±—Ä–æ–≥–æ –≤–µ—á–æ—Ä–∞. –ó–≤—ñ—Å–Ω–æ, –≤—ñ–¥–ø–æ–≤—ñ–ª–∏ –¥—É–∂–µ –∫–≤–∞–ª—ñ—Ñ—ñ–∫–æ–≤–∞–Ω–æ —Ç–∞ –ø–æ—à–∞–≥–æ–≤–æ. ! üëçüèª",[]
–î–æ–±—Ä–æ–≥–æ –¥–Ω—è. –í–∞–º —Ö—Ç–æ—Å—å –≤—ñ–¥–ø–æ–≤—ñ–≤?,[]
"–û—á–µ–Ω—å —Ö–æ—á—É –ø–æ–π—Ç–∏ –Ω–∞ —ç–∫—Å–∫—É—Ä—Å–∏—é –Ω–æ –Ω–µ—Ç –∫–æ–º–ø–∞–Ω–∏–∏, –Ω–∞–¥–æ –µ—â—ë 1–Ω —á–µ–ª–æ–≤–µ–∫ —á—Ç–æ–±—ã –≥–∏–¥ –ú–∞—Ä–∏—è –ø—Ä–æ–≤–µ–ª–∞ –µ–∫—Å–∫—É—Ä—Å–∏—é —Ü–µ–Ω–∞ —Å —á–µ–ª–æ–≤–µ–∫–∞ 60‚Ç¨ –Ω–∞ 16.03 –≤ —ç—Ç–æ –≤–æ—Å–∫—Ä–µ—Å–µ–Ω—å–µ. –Ø –æ—á–µ–Ω—å –Ω–∞–¥–µ—é—Å—å –∑–Ω–∞–π–¥—É—Ç—å—Å—è –∂–µ–ª–∞—é—â–∏–µ –ø–∏—à–∏—Ç–µ –º–Ω–µ –≤ —Å–æ–æ–±—â–µ–Ω–∏—è. –≠–∫—Å–∫—É—Ä—Å–∏—è –±—É–¥–µ—Ç –ø–æ —Ç–∞–∫–∏–º –º–µ—Å—Ç–∞–º üëá 

–ó—É—Å—Ç—Ä—ñ—á —É –õ—ñ—Å–∞–±–æ–Ω—ñ. –ù–∞ –ø–ª–æ—â—ñ –†–æ—Å—ñ–æ, –ø–æ—Ç—ñ–º
–°—Ç–∞—Ç—É—è –•—Ä–∏—Å—Ç–∞ (—Ç—ñ–ª—å–∫–∏ –Ω–∏–∂–Ω—ñ–π –æ–≥–ª—è–¥–æ–≤–∏–π –º–∞–π–¥–∞–Ω—á–∏–∫), 
–ü—Ä–∏—Ö–æ–≤–∞–Ω–∞ –ø–µ—á–µ—Ä–∞ –ø—É—Å—Ç–µ–ª—å–Ω–∏—Ü—ñ –ú–∞—Ä–≥–∞—Ä–∏—Ç–∏, 
–§–æ—Ä—Ç–µ—Ü—è S√£o Filipe, 
–î–∏–∫–∏–π –ø–ª—è–∂ –Ω–∞ —Ç–µ—Ä–∏—Ç–æ—Ä—ñ—ó –Ω–∞—Ü—ñ–æ–Ω–∞–ª—å–Ω–æ–≥–æ –ø–∞—Ä–∫—É –ê—Ä—Ä–∞–±—ñ–¥–∞, 
–ó–∞–º–æ–∫ –ü–∞–ª–º–µ–ª–∞.",['no_housing']
"–†–µ–±—è—Ç–∞ –ø—Ä–∏–≤–µ—Ç, –Ω—É–∂–µ–Ω –æ–¥–∏–Ω —á–µ–ª–æ–≤–µ–∫ –∑–∞–≤—Ç—Ä–∞ —ç–∫—Å–∫—É—Ä—Å–∏—é, –ø–æ–µ—Ö–∞–ª–∏ –∑–∞–≤—Ç—Ä–∞ –≤–º–µ—Å—Ç–µ —Å –Ω–∞–º–∏ üí´",[]
"–ó—É—Å—Ç—Ä—ñ—á —É –õ—ñ—Å–∞–±–æ–Ω—ñ. –ù–∞ –ø–ª–æ—â—ñ –†–æ—Å—ñ–æ, –ø–æ—Ç—ñ–º
–°—Ç–∞—Ç—É—è –•—Ä–∏—Å—Ç–∞ (—Ç—ñ–ª—å–∫–∏ –Ω–∏–∂–Ω—ñ–π –æ–≥–ª—è–¥–æ–≤–∏–π –º–∞–π–¥–∞–Ω—á–∏–∫), 
–ü—Ä–∏—Ö–æ–≤–∞–Ω–∞ –ø–µ—á–µ—Ä–∞ –ø—É—Å—Ç–µ–ª—å–Ω–∏—Ü—ñ –ú–∞—Ä–≥–∞—Ä–∏—Ç–∏, 
–§–æ—Ä—Ç–µ—Ü—è S√£o Filipe, 
–î–∏–∫–∏–π –ø–ª—è–∂ –Ω–∞ —Ç–µ—Ä–∏—Ç–æ—Ä—ñ—ó –Ω–∞—Ü—ñ–æ–Ω–∞–ª—å–Ω–æ–≥–æ –ø–∞—Ä–∫—É –ê—Ä—Ä–∞–±—ñ–¥–∞, 
–ó–∞–º–æ–∫ –ü–∞–ª–º–µ–ª–∞.",[]
"–†–µ–±—è—Ç–∞ –ø—Ä–∏–≤–µ—Ç, —è –ø—Ä–∏–µ—Ö–∞–ª–∞ –≤—á–µ—Ä–∞ –≤ –õ–∏—Å—Å–∞–±–æ–Ω. –û—á–µ–Ω—å —Ö–æ—á—É –ø–æ–π—Ç–∏ –Ω–∞ —ç–∫—Å–∫—É—Ä—Å–∏—é –Ω–æ –Ω–µ—Ç –∫–æ–º–ø–∞–Ω–∏–∏, –Ω–∞–¥–æ 2 —á–µ–ª–æ–≤–µ–∫–∞ —á—Ç–æ–±—ã –≥–∏–¥ –ú–∞—Ä–∏—è –ø—Ä–æ–≤–µ–ª–∞ –µ–∫—Å–∫—É—Ä—Å–∏—é —Ü–µ–Ω–∞ —Å —á–µ–ª–æ–≤–µ–∫–∞ 60‚Ç¨ –Ω–∞ 16.03 –≤ —ç—Ç–æ –≤–æ—Å–∫—Ä–µ—Å–µ–Ω—å–µ. –Ø –æ—á–µ–Ω—å –Ω–∞–¥–µ—é—Å—å –∑–Ω–∞–π–¥—É—Ç—å—Å—è –∂–µ–ª–∞—é—â–∏–µ –ø–∏—à–∏—Ç–µ –º–Ω–µ –≤ —Å–æ–æ–±—â–µ–Ω–∏—è. –≠–∫—Å–∫—É—Ä—Å–∏—è –±—É–¥–µ—Ç –ø–æ —Ç–∞–∫–∏–º –º–µ—Å—Ç–∞–º üëá",['no_housing']
"üí¨**–®—É–∫–∞—î—à –Ω–æ–≤—ñ –∑–Ω–∞–π–æ–º—Å—Ç–≤–∞ –∞–±–æ —Ö–æ—á–µ—à –∑—É—Å—Ç—Ä—ñ—Ç–∏ —Å–≤–æ—é –¥—Ä—É–≥—É –ø–æ–ª–æ–≤–∏–Ω–∫—É? **–¢–æ–¥—ñ –Ω–∞—à [**—á–∞—Ç –∑–Ω–∞–π–æ–º—Å—Ç–≤**](https://t.me/+mbqvxxjEUiNlYjJi) ‚Äî —Ü–µ —Å–∞–º–µ —Ç–µ, —â–æ —Ç–æ–±—ñ –ø–æ—Ç—Ä—ñ–±–Ω–æ!

‚úåÔ∏è**–ù–µ –≤–∞–∂–ª–∏–≤–æ, —á–∏ —Ö–æ—á–µ—à —Ç–∏ –∑–Ω–∞–π—Ç–∏ —Å–ø—Ä–∞–≤–∂–Ω—å–æ–≥–æ –¥—Ä—É–≥–∞, –∫–æ—Ö–∞–Ω—É –ª—é–¥–∏–Ω—É —á–∏ –ø—Ä–æ—Å—Ç–æ —Å–ø—ñ–ª–∫—É–≤–∞—Ç–∏—Å—è —Ü—ñ–∫–∞–≤–æ** ‚Äî [**—É –Ω–∞—à–æ–º—É —á–∞—Ç—ñ –∑–Ω–∞–π–¥–µ—Ç—å—Å—è –º—ñ—Å—Ü–µ –¥–ª—è –≤—Å—ñ—Ö!**](https://t.me/+mbqvxxjEUiNlYjJi) –®–∏—Ä–æ–∫–∏–π –≤–∏–±—ñ—Ä –ª—é–¥–µ–π, –ª–µ–≥–∫—ñ—Å—Ç—å —É —Å–ø—ñ–ª–∫—É–≤–∞–Ω–Ω—ñ —Ç–∞ –±–∞–≥–∞—Ç–æ –Ω–æ–≤–∏—Ö –º–æ–∂–ª–∏–≤–æ—Å—Ç–µ–π!

**–ü—Ä–∏—î–¥–Ω—É–π—Å—è –¥–æ –Ω–∞—Å **—ñ –∑–Ω–∞–π–¥–∏ –æ–¥–Ω–æ–¥—É–º—Ü—ñ–≤, –∑ —è–∫–∏–º–∏ –ª–µ–≥–∫–æ —ñ –ø—Ä–∏—î–º–Ω–æ –ø—Ä–æ–≤–æ–¥–∏—Ç–∏ —á–∞—Åüíú
https://t.me/+mbqvxxjEUiNlYjJi",[]
"**–†–ê–°–ü–†–û–î–ê–ñ–ê 50% –°–ö–ò–î–ö–ê!**

**–ì—Ä—É–ø–ø—ã** **—Å—Ç–∞–±–∏–ª—å–Ω–æ –ø—Ä–∏–Ω–æ—Å—è—â–∏–µ –ø–æ 800‚Ç¨ –º–µ—Å—è—Üü§ë **‚Äî –†–∞–π –¥–ª—è –∏–Ω–≤–µ—Å—Ç–æ—Ä–æ–≤

–ü–æ–ª–æ–≤–∏–Ω—É –≥—Ä—É–ø–ø —É–∂–µ —Ä–∞—Å–∫—É–ø–∏–ª–∏ –∑–∞ 2 –¥–Ω—è , —É—Å–ø–µ–π –∫—É–ø–∏—Ç—å –ø–æ–∫–∞ –µ—â–µ –Ω–µ —Ä–∞–∑–æ–±—Ä–∞–ª–∏!

üëáüëáüëá
https://t.me/+R2v8FUA-TUM2MWYy
https://t.me/+R2v8FUA-TUM2MWYy",[]
"–í –Ω–µ–¥—ñ–ª—é 23 –±–µ—Ä–µ–∑–Ω—è —ó–¥—É –≤ –ï–≤–æ—Ä—É, —á–µ—Ä–µ–∑ –í–µ–Ω–¥–∞—à –ù–æ–≤–∞—à. –ü–∏—à—ñ—Ç—å - —Ä–æ–∑–ø–æ–≤—ñ–º –ø–æ–¥—Ä–æ–±–∏—Ü—ñ.",[]
"üíé **–•–æ—á–µ—Ç–µ –ø—ñ–¥–Ω—è—Ç–∏ –ø—Ä–æ–¥–∞–∂—ñ –≤–∞—à–æ–≥–æ –±—ñ–∑–Ω–µ—Å—É –Ω–∞ –Ω–æ–≤–∏–π —Ä—ñ–≤–µ–Ω—å?**

–®—É–∫–∞—î—Ç–µ —ñ–¥–µ–∞–ª—å–Ω—É –ø–ª–∞—Ç—Ñ–æ—Ä–º—É –¥–ª—è —Ä–µ–∫–ª–∞–º–∏ –≤–∞—à–∏—Ö –ø–æ—Å–ª—É–≥? –Ø–∫—â–æ –Ω–∞–ø–∏—à–∏—Ç–µ —Å—å–æ–≥–æ–¥–Ω—ñ –±–æ—Ç—É, –û—Ç—Ä–∏–º–∞—î—Ç–µ –±–æ–Ω—É—Å –Ω–∞ —Ä–µ–∫–ª–∞–º—É 50‚Ç¨ üéÅ, –¥—ñ–∑–Ω–∞—Ç–∏—Å—å –ø–æ–¥—Ä–æ–±–∏—Ü—ñ –º–æ–∂–Ω–∞ –Ω–∞–ø–∏—Å–∞–≤ [@rek111bot](https://t.me/rek111bot?start=hello)

üåç –ü–æ–≤–Ω–∏–π —Å–ø–∏—Å–æ–∫ —á–∞—Ç-–≥—Ä—É–ø [—É–∫—Ä–∞—ó–Ω—Ü—ñ–≤ –∑–∞ –∫–æ—Ä–¥–æ–Ω–æ–º](https://t.me/Ukrainians_Europe/27) ‚Äì –≤–∞—à —à–ª—è—Ö –¥–æ —É—Å–ø—ñ—Ö—É!",[]
"üç´ –ü–æ—ó—Ö–∞–ª–∏ –∑ –Ω–∞–º–∏ 23 –±–µ—Ä–µ–∑–Ω—è –≤ —à–æ–∫–æ–ª–∞–¥–Ω—É –ø–æ–¥–æ—Ä–æ–∂ –≤ Obidos –Ω–∞ —à–æ–∫–æ–ª–∞–¥–Ω–∏–π —Ñ–µ—Å—Ç–∏–≤–∞–ª—å!  

–ù–∞ —Ñ–µ—Å—Ç–∏–≤–∞–ª—ñ –≤–∞—Å —á–µ–∫–∞—î:
- üç´ –ñ–∏–≤–∞ –º–∞–π—Å—Ç–µ—Ä–Ω—è —à–æ–∫–æ–ª–∞–¥–Ω–∏—Ö —Å–∫—É–ª—å–ø—Ç—É—Ä.  
- üß™ –®–æ–∫–æ–ª–∞–¥–Ω–∞ –ª–∞–±–æ—Ä–∞—Ç–æ—Ä—ñ—è.  
- üë©‚Äçüç≥ –ú–æ–ª–µ–∫—É–ª—è—Ä–Ω–∞ –∫—É—Ö–Ω—è ‚Äì –º–∞–π—Å—Ç–µ—Ä-–∫–ª–∞—Å.  
- üç∏ –ö—Ä–µ–∞—Ç–∏–≤–Ω—ñ –∫–æ–∫—Ç–µ–π–ª—ñ –∑ —à–æ–∫–æ–ª–∞–¥–æ–º.   
- ü¶ï Dino Parque: —Å–≤—ñ—Ç –¥–∏–Ω–æ–∑–∞–≤—Ä—ñ–≤.  
- üç´ –®–æ–∫–æ–ª–∞–¥–Ω–∏–π —Ä–∏–Ω–æ–∫.  
- üç∑ –í–∏–Ω–æ Joaquim Arnaud —ñ–∑ —à–æ–∫–æ–ª–∞–¥–æ–º.  

üí∞ –í–∞—Ä—Ç—ñ—Å—Ç—å –ø–æ—ó–∑–¥–∫–∏:
üîπ –î–æ—Ä–æ—Å–ª—ñ ‚Äì 35 ‚Ç¨  
üîπ –î—ñ—Ç–∏ ‚Äì 25 ‚Ç¨  
(üéü –í—Ö—ñ–¥ –Ω–∞ —Ñ–µ—Å—Ç–∏–≤–∞–ª—å: 10 ‚Ç¨ –¥–æ—Ä–æ—Å–ª–∏–π, 8 ‚Ç¨ –¥—ñ—Ç–∏)  

üìç –í–∏—ó–∑–¥ –∑ –õ—ñ—Å–∞–±–æ–Ω—É –Ω–∞ –∫–æ–º—Ñ–æ—Ä—Ç–∞–±–µ–ª—å–Ω–æ–º—É –∞–≤—Ç–æ–±—É—Å—ñ –æ 10:00, –ø–æ–≤–µ—Ä–Ω–µ–Ω–Ω—è –æ 17:00  

üíñ –ü–æ–¥–æ—Ä–æ–∂ –ø—ñ–¥—Ö–æ–¥–∏—Ç—å –¥–ª—è —Å—ñ–º–µ–π —ñ –¥–ª—è —Ç–∏—Ö, —Ö—Ç–æ —ó–¥–µ —Å–∞–º. –¢–µ–ø–ª–∞ –∞—Ç–º–æ—Å—Ñ–µ—Ä–∞, –Ω–æ–≤—ñ –∑–Ω–∞–π–æ–º—Å—Ç–≤–∞, –≥–∞—Ä–Ω—ñ –≤—Ä–∞–∂–µ–Ω–Ω—è!  

üì© –ú—ñ—Å—Ü—è –æ–±–º–µ–∂–µ–Ω—ñ! –ë—Ä–æ–Ω—é–π—Ç–µ –∑–∞—Ä–∞–∑: https://forms.gle/8SahERZbnRtfB5KT9

üì∏ –ë—ñ–ª—å—à–µ –¥–µ—Ç–∞–ª–µ–π —Ç–∞ –Ω–∞—Å—Ç—É–ø–Ω—ñ –ø–æ–¥–æ—Ä–æ–∂—ñ:  
üîπ Instagram: https://www.instagram.com/barasol_travel/profilecard/?igsh=MTRsOGo1NHRpbThobQ==
üîπ Telegram: @barasolJulia",['no_housing']
"**3 –≥—Ä—É–ø–ø—ã –≤ Telegram –º–æ–≥—É—Ç –ø—Ä–∏–Ω–æ—Å–∏—Ç—å –¥–æ—Ö–æ–¥, —Å—Ä–∞–≤–Ω–∏–º—ã–π —Å–æ —Å–¥–∞—á–µ–π –¥–≤—É—Ö–∫–æ–º–Ω–∞—Ç–Ω–æ–π –∫–≤–∞—Ä—Ç–∏—Ä—ã –≤ –ö–∏–µ–≤–µ.**

–ü—Ä–∏ –ø—Ä–∞–≤–∏–ª—å–Ω–æ–º –ø–æ–¥—Ö–æ–¥–µ Telegram-–≥—Ä—É–ø–ø—ã –º–æ–≥—É—Ç —Å—Ç–∞—Ç—å —Å—Ç–∞–±–∏–ª—å–Ω—ã–º –∏—Å—Ç–æ—á–Ω–∏–∫–æ–º –¥–æ—Ö–æ–¥–∞. –≠—Ç–æ **–≥–æ—Ç–æ–≤—ã–π –±–∏–∑–Ω–µ—Å** —Å –ø—Ä–æ—Å—Ç–æ–π –∏ –ø–æ–Ω—è—Ç–Ω–æ–π –º–æ–¥–µ–ª—å—é.

–ï—Å–ª–∏ –≤—ã –∏—â–µ—Ç–µ **–≤—ã–≥–æ–¥–Ω—ã–π —Å–ø–æ—Å–æ–± –≤–ª–æ–∂–∏—Ç—å –¥–µ–Ω—å–≥–∏** –∏ –ø–æ–ª—É—á–∞—Ç—å —Å—Ç–∞–±–∏–ª—å–Ω—É—é –ø—Ä–∏–±—ã–ª—å, **Telegram-–≥—Ä—É–ø–ø—ã ‚Äì –ª—É—á—à–µ–µ —Ä–µ—à–µ–Ω–∏–µ**. –í–ª–æ–∂–µ–Ω–Ω—ã–µ —Å—Ä–µ–¥—Å—Ç–≤–∞ –æ–∫—É–ø–∞—é—Ç—Å—è –∑–∞ 3‚Äì12 –º–µ—Å—è—Ü–µ–≤, –≤ —Ç–æ –≤—Ä–µ–º—è –∫–∞–∫ –∫–≤–∞—Ä—Ç–∏—Ä–∞ ‚Äî –æ—Ç 6 –ª–µ—Ç.

üìå **–ü—Ä–æ–¥–∞–∂–∞ –≥—Ä—É–ø–ø**
üí∞ **–¶–µ–Ω—ã –æ—Ç 3 000 ‚Ç¨ –∑–∞ –æ–¥–Ω—É**

üìã **–°–ø–∏—Å–æ–∫ –¥–æ—Å—Ç—É–ø–Ω—ã—Ö –≥—Ä—É–ø–ø:**
https://t.me/+K3iTSZvF8Jk0YWMy
https://t.me/Ukrainians_Europe/27

‚ö† **–í–æ –∏–∑–±–µ–∂–∞–Ω–∏–µ –º–æ—à–µ–Ω–Ω–∏—á–µ—Å—Ç–≤–∞ —Å–¥–µ–ª–∫–∞ –ø—Ä–æ—Ö–æ–¥–∏—Ç —á–µ—Ä–µ–∑ –≥–∞—Ä–∞–Ω—Ç–∞. **–ö–∞–∫? –°–º–æ—Ç—Ä–µ—Ç—å —Ç—É—Çüëá
https://t.me/tumobog_bir/7095
**–û–ø–ª–∞—Ç—É –≥–∞—Ä–∞–Ω—Ç–∞ –±–µ—Ä–µ–º –Ω–∞ —Å–µ–±—è.**

‚Äº **–í–∞–∂–Ω–æ:**
–ù–µ –ø–∏—à–∏—Ç–µ –±–æ—Ç—É, –µ—Å–ª–∏ **–Ω–µ –≤—ã–±—Ä–∞–ª–∏** –≥—Ä—É–ø–ø—É, –∫–æ—Ç–æ—Ä—É—é —Ö–æ—Ç–∏—Ç–µ –∫—É–ø–∏—Ç—å. **–û–±—Ä–∞—â–∞–π—Ç–µ—Å—å —Ç–æ–ª—å–∫–æ –ø—Ä–∏ –ø–æ–ª–Ω–æ–π –≥–æ—Ç–æ–≤–Ω–æ—Å—Ç–∏ –∫ –ø–æ–∫—É–ø–∫–µ.**

üéÅ **–°–ø–µ—Ü–∏–∞–ª—å–Ω–æ–µ –ø—Ä–µ–¥–ª–æ–∂–µ–Ω–∏–µ:**
–ï—Å–ª–∏ –≤ —Ç–µ—á–µ–Ω–∏–∏ 3 –¥–Ω–µ–π –≤—ã –Ω–∞–ø–∏—Å–∞–ª–∏ –∏ –º—ã **–∑–∞–∫–ª—é—á–∏–º —Å–¥–µ–ª–∫—É –Ω–∞ 2 –≥—Ä—É–ø–ø—ã**, **—Ç—Ä–µ—Ç—å—é –≤—ã –ø–æ–ª—É—á–∞–µ—Ç–µ –∞–±—Å–æ–ª—é—Ç–Ω–æ –±–µ—Å–ø–ª–∞—Ç–Ω–æ!**

**–ü—Ä–∏ –≥–æ—Ç–æ–≤–Ω–æ—Å—Ç–∏ –∫—É–ø–∏—Ç—å –ø–∏—à–∏—Ç–µ**
üëâ[**@ManagerCommercialBot**](https://t.me/ManagerCommercialBot?start=hello)**üëà**",['no_housing']
"Ok, prodoljem v lichke.",[]
3500,[]
"Dobriy den, summa kakaya?",[]
"–í—Å–µ–º –ø—Ä–∏–≤–µ—Ç, –∫—Ç–æ –º–æ–∂–µ—Ç –ø–æ—Å–æ–≤–µ—Ç–æ–≤–∞—Ç—å –∞—Ä–µ–Ω–¥—É –º–∞—à–∏–Ω –Ω–∞ 4 –¥–Ω—è –≤ –õ–∏—Å—Å–∞–±–æ–Ω–µ, –Ω–∞–¥–æ 4 –º–∞—à–∏–Ω—ã —Å 14–≥–æ –ø–æ 18 –º–∞—Ä—Ç–∞",[]
"üí¨**–•–æ—á–µ—à –∑–Ω–∞–π—Ç–∏ —Å–≤–æ—é –¥—Ä—É–≥—É –ø–æ–ª–æ–≤–∏–Ω–∫—É —á–∏ –Ω–æ–≤–∏—Ö** **–¥—Ä—É–∑—ñ–≤? **–¢–æ–¥—ñ [**—Ü–µ–π —á–∞—Ç –∑–Ω–∞–π–æ–º—Å—Ç–≤**](https://t.me/+ZzppB1HkhlNiMjEy)** **‚Äî —Å–∞–º–µ —Ç–µ, —â–æ —Ç–æ–±—ñ –ø–æ—Ç—Ä—ñ–±–Ω–æ! 

üëç**–ù–µ –≤–∞–∂–ª–∏–≤–æ, —á–∏ —à—É–∫–∞—î—à —Ç–∏ –∫–æ—Ö–∞–Ω–Ω—è, –¥—Ä—É–∂–±—É —á–∏ –ø—Ä–æ—Å—Ç–æ —Ü—ñ–∫–∞–≤–µ —Å–ø—ñ–ª–∫—É–≤–∞–Ω–Ω—è **‚Äî [**–Ω–∞—à —á–∞—Ç –∑–Ω–∞–π–æ–º—Å—Ç–≤**](https://t.me/+ZzppB1HkhlNiMjEy) –≤—ñ–¥–∫—Ä–∏–≤–∞—î –ø–µ—Ä–µ–¥ —Ç–æ–±–æ—é –±–µ–∑–ª—ñ—á –º–æ–∂–ª–∏–≤–æ—Å—Ç–µ–π! –®–∏—Ä–æ–∫–∞ –∞—É–¥–∏—Ç–æ—Ä—ñ—è, —Ü—ñ–∫–∞–≤—ñ –ª—é–¥–∏ —Ç–∞ –ª–µ–≥–∫–µ —Å–ø—ñ–ª–∫—É–≤–∞–Ω–Ω—è! 

**–°–∫–æ—Ä—ñ—à–µ –ø—Ä–∏—î–¥–Ω—É–π—Å—è –¥–æ –Ω–∞—Å **—ñ –∑–Ω–∞–π–¥–∏ —Ä—ñ–¥–Ω–∏—Ö –ª—é–¥–µ–π, –∑ —è–∫–∏–º–∏ —Ö–æ—á–µ—Ç—å—Å—è –ø—Ä–æ–≤–æ–¥–∏—Ç–∏ —á–∞—Å! üíï 
https://t.me/+ZzppB1HkhlNiMjEy",[]
–í—Å–µ–º –ø—Ä–∏–≤–µ—Ç. –ï—Å—Ç—å –∫—Ç–æ —Ç–æ –∏–∑ –§–∞—Ä—É? –ù—É–∂–Ω–æ –∞–≤—Ç–æ –Ω–∞ –ø–∞—Ä—É –¥–Ω–µ–π,[]
–ê –∫–∞–∫–æ–π —á–∞—Ç –ø–æ –ø–æ—Ä—Ç—É–≥–∞–ª–∏–∏ –∂–∏–≤–æ–π?,[]
–¢—É—Ç –Ω–µ—Ç —Ç–∞–∫–æ–≥–æ –∫–æ–ª–∏—á–µ—Å—Ç–≤–∞. –≠—Ç–æ –±–æ—Ç—ã . –¢–∞–∫–æ–≥–æ —Ä–æ–¥–∞ –≥—Ä—É–ø–ø—ã —Å–æ–∑–¥–∞—é—Ç—Å—è –¥–ª—è –ª–æ—Ö–æ–≤. –ü–æ–¥ —Ä–∞–∑–º–µ—â–µ–Ω–∏–µ —Ä–µ–∫–ª–∞–º—ã –∏ –ø–æ—Å–ª–µ–¥—É—é—â–µ–π –ø—Ä–æ–¥–∞–∂–∏ —á–∞—Ç–∞.,['no_housing']
"–ù—É –∏ –∫—Ç–æ –º–æ–∂–µ—Ç –¥–∞—Ç—å –∏–Ω—Ñ–æ—Ä–º–∞—Ü–∏—é?
6284 —á–µ–ª–æ–≤–µ–∫–∞ –≤ –≥—Ä—É–ø–ø–µ –∏ –≤—Å–µ –º–æ–ª—á–∞—Ç",[]
"–ø–æ—Å–æ–≤–µ—Ç—É–π—Ç–µ –∫–ª–∞—Å—Å–Ω—ã–π –±–∞—Ä –≤ –ü–æ—Ä—Ç—É, –∏–ª–∏ –º–æ–∂–µ—Ç –∫–ª—É–±",[]
"–í—Å–µ–º –ø—Ä–∏–≤–µ—Ç üëã 
–ö—Ç–æ-—Ç–æ —Å–¥–∞–µ—Ç –∂–∏–ª–µ—Ç –ø–æ—Å—É—Ç–æ—á–Ω–æ –≤ –õ–∏—Å—Å–∞–±–æ–Ω ? –Ω—É–∂–Ω–æ –Ω–∞ 20 –∞–ø—Ä–µ–ª—è.",[]
"**–†–ê–°–ü–†–û–î–ê–ñ–ê 50% –°–ö–ò–î–ö–ê!**

**–ì—Ä—É–ø–ø—ã** **—Å—Ç–∞–±–∏–ª—å–Ω–æ –ø—Ä–∏–Ω–æ—Å—è—â–∏–µ –ø–æ 800‚Ç¨ –º–µ—Å—è—Üü§ë **‚Äî –†–∞–π –¥–ª—è –∏–Ω–≤–µ—Å—Ç–æ—Ä–æ–≤

–ü–æ–ª–æ–≤–∏–Ω—É –≥—Ä—É–ø–ø —É–∂–µ —Ä–∞—Å–∫—É–ø–∏–ª–∏ –∑–∞ 2 –¥–Ω—è , —É—Å–ø–µ–π –∫—É–ø–∏—Ç—å –ø–æ–∫–∞ –µ—â–µ –Ω–µ —Ä–∞–∑–æ–±—Ä–∞–ª–∏!

üëáüëáüëá
https://t.me/+R2v8FUA-TUM2MWYy
https://t.me/+R2v8FUA-TUM2MWYy",[]
"–î–æ–±—Ä–æ–µ —É—Ç—Ä–æ 
–ò—â—É –≤ –≥—Ä—É–ø–ø–µ –∏–Ω—Ñ–æ—Ä–º–∞—Ü–∏—é 
–û –ø–µ—Ä–µ–µ–∑–¥–µ –∏ –±–∞–∑–æ–≤—ã—Ö —à–∞–≥–∞—Ö —Å–Ω–∞—á–∞–ª–∞ 
–ï—Å—Ç—å –ª–∏ –≥–¥–µ —Ç–æ —ç—Ç–æ –≤ –∑–∞–∫—Ä–µ–ø–ª–µ–Ω–Ω—ã—Ö ?",['job_search']
"üíé **–•–æ—á–µ—Ç–µ –ø—ñ–¥–Ω—è—Ç–∏ –ø—Ä–æ–¥–∞–∂—ñ –≤–∞—à–æ–≥–æ –±—ñ–∑–Ω–µ—Å—É –Ω–∞ –Ω–æ–≤–∏–π —Ä—ñ–≤–µ–Ω—å?**

–®—É–∫–∞—î—Ç–µ —ñ–¥–µ–∞–ª—å–Ω—É –ø–ª–∞—Ç—Ñ–æ—Ä–º—É –¥–ª—è —Ä–µ–∫–ª–∞–º–∏ –≤–∞—à–∏—Ö –ø–æ—Å–ª—É–≥? –Ø–∫—â–æ –Ω–∞–ø–∏—à–∏—Ç–µ —Å—å–æ–≥–æ–¥–Ω—ñ –±–æ—Ç—É, –û—Ç—Ä–∏–º–∞—î—Ç–µ –±–æ–Ω—É—Å –Ω–∞ —Ä–µ–∫–ª–∞–º—É 50‚Ç¨ üéÅ, –¥—ñ–∑–Ω–∞—Ç–∏—Å—å –ø–æ–¥—Ä–æ–±–∏—Ü—ñ –º–æ–∂–Ω–∞ –Ω–∞–ø–∏—Å–∞–≤ [@rek111bot](https://t.me/rek111bot?start=hello)

üåç –ü–æ–≤–Ω–∏–π —Å–ø–∏—Å–æ–∫ —á–∞—Ç-–≥—Ä—É–ø [—É–∫—Ä–∞—ó–Ω—Ü—ñ–≤ –∑–∞ –∫–æ—Ä–¥–æ–Ω–æ–º](https://t.me/Ukrainians_Europe/27) ‚Äì –≤–∞—à —à–ª—è—Ö –¥–æ —É—Å–ø—ñ—Ö—É!",[]
"–î–æ–±—Ä—ã–π –≤–µ—á–µ—Ä!–•–æ—Ç–∏–º –ø–æ–º–µ–Ω—è—Ç—å —Å—Ç–∞–Ω—É,–∏ –ø—Ä–∏–µ—Ö–∞—Ç—å –≤ –ü–æ—Ä—Ç—É–≥–∞–ª–∏—é.–°–∫–∞–∂–∏—Ç–µ –ø–æ–∂–∞–ª—É–π—Å—Ç–∞ –ø–ª–∞—Ç—è—Ç –ª–∏ –ø–æ—Å–æ–±–∏–µ –£–∫—Ä–∞–∏–Ω—Ü–∞–º —Ö–æ—Ç—è –±—ã –Ω–∞ –ø–µ—Ä–≤–æ–µ –≤—Ä–µ–º—è?–ê —Ç–∞–º –¥–∞–ª—å—à–µ –ø–ª–∞–Ω–∏—Ä—É–µ–º —Ä–∞–±–æ—Ç–∞—Ç—å!
–°–ø–∞—Å–∏–±–æ",['job_search']
"–∑–¥—Ä–∞–≤—Å—Ç–≤—É–π—Ç–µ, –ø–æ–¥—Å–∫–∞–∂–∏—Ç–µ –ø–æ–∂–∞–ª—É–π—Å—Ç–∞ –∫–∞–∫ —Å–µ–π—á–∞—Å –ø–æ–≥–æ–¥–∞ –≤ –ü–æ—Ä—Ç—É? –ø–ª–∞–Ω–∏—Ä—É—é –µ—Ö–∞—Ç—å –Ω–∞ –≤—ã—Ö–æ–¥–Ω—ã–µ –∏ —á–∏—Ç–∞–ª–∞, —á—Ç–æ –¥–≤–∏–∂–µ—Ç—Å—è —É—Ä–∞–≥–∞–Ω",[]
"–ü—Ä–∏–≤—ñ—Ç —É—Å—ñ–º, –º–µ–Ω–µ –∑–≤—É—Ç—å –ú–∞—Ä—ñ—è –î–æ–º–∞–Ω—Å—å–∫–∞, —è –¥–æ–≥–ª—è–¥–∞—é –∑–∞ –¥—ñ—Ç—å–º–∏ –≤ —Ä–∞–π–æ–Ω—ñ Oeiras, Carcavelos, Pa√ßo de Arcos, Cascais e Lisboa . –ë—É–¥—å –ª–∞—Å–∫–∞, –Ω–∞–¥—ñ—à–ª—ñ—Ç—å –ø—Ä–∏–≤–∞—Ç–Ω–µ –ø–æ–≤—ñ–¥–æ–º–ª–µ–Ω–Ω—è –∞–±–æ –¥–∞–π—Ç–µ –≤—ñ–¥–ø–æ–≤—ñ–¥—å –Ω–∞ —Ü–µ –ø–æ–≤—ñ–¥–æ–º–ª–µ–Ω–Ω—è, —ñ –º–µ–Ω—ñ –±—É–¥–µ –¥—É–∂–µ —Ü—ñ–∫–∞–≤–æ –ø–æ–∑–Ω–∞–π–æ–º–∏—Ç–∏—Å—è –∑ –≤–∞–º–∏ —á–µ—Ä–µ–∑ –ø—Ä–∏–≤–∞—Ç–Ω–µ –ø–æ–≤—ñ–¥–æ–º–ª–µ–Ω–Ω—è, —â–æ–± –¥—ñ–∑–Ω–∞—Ç–∏—Å—è, —á–∏ —Ö–æ—á–µ—Ç–µ –≤–∏ —Ç–∞–∫–æ–∂, —â–æ–± —è –ø–æ–¥–±–∞–ª–∞ –ø—Ä–æ –±—É–¥–∏–Ω–æ–∫ –∞–±–æ —ñ–Ω—à—É —Ä–æ–±–æ—Ç—É, —è–∫–∞ –ø–æ—Ç—Ä–µ–±—É—î –≤—ñ–¥–ø–æ—á–∏–Ω–∫—É –ø—ñ—Å–ª—è –≥–∞—Ä–Ω–æ–≥–æ –¥–Ω—è.",[]
"**3 –≥—Ä—É–ø–ø—ã –≤ Telegram –º–æ–≥—É—Ç –ø—Ä–∏–Ω–æ—Å–∏—Ç—å –¥–æ—Ö–æ–¥, —Å—Ä–∞–≤–Ω–∏–º—ã–π —Å–æ —Å–¥–∞—á–µ–π –¥–≤—É—Ö–∫–æ–º–Ω–∞—Ç–Ω–æ–π –∫–≤–∞—Ä—Ç–∏—Ä—ã –≤ –ö–∏–µ–≤–µ.**

–ü—Ä–∏ –ø—Ä–∞–≤–∏–ª—å–Ω–æ–º –ø–æ–¥—Ö–æ–¥–µ Telegram-–≥—Ä—É–ø–ø—ã –º–æ–≥—É—Ç —Å—Ç–∞—Ç—å —Å—Ç–∞–±–∏–ª—å–Ω—ã–º –∏—Å—Ç–æ—á–Ω–∏–∫–æ–º –¥–æ—Ö–æ–¥–∞. –≠—Ç–æ **–≥–æ—Ç–æ–≤—ã–π –±–∏–∑–Ω–µ—Å** —Å –ø—Ä–æ—Å—Ç–æ–π –∏ –ø–æ–Ω—è—Ç–Ω–æ–π –º–æ–¥–µ–ª—å—é.

–ï—Å–ª–∏ –≤—ã –∏—â–µ—Ç–µ **–≤—ã–≥–æ–¥–Ω—ã–π —Å–ø–æ—Å–æ–± –≤–ª–æ–∂–∏—Ç—å –¥–µ–Ω—å–≥–∏** –∏ –ø–æ–ª—É—á–∞—Ç—å —Å—Ç–∞–±–∏–ª—å–Ω—É—é –ø—Ä–∏–±—ã–ª—å, **Telegram-–≥—Ä—É–ø–ø—ã ‚Äì –ª—É—á—à–µ–µ —Ä–µ—à–µ–Ω–∏–µ**. –í–ª–æ–∂–µ–Ω–Ω—ã–µ —Å—Ä–µ–¥—Å—Ç–≤–∞ –æ–∫—É–ø–∞—é—Ç—Å—è –∑–∞ 3‚Äì12 –º–µ—Å—è—Ü–µ–≤, –≤ —Ç–æ –≤—Ä–µ–º—è –∫–∞–∫ –∫–≤–∞—Ä—Ç–∏—Ä–∞ ‚Äî –æ—Ç 6 –ª–µ—Ç.

üìå **–ü—Ä–æ–¥–∞–∂–∞ –≥—Ä—É–ø–ø**
üí∞ **–¶–µ–Ω—ã –æ—Ç 3 000 ‚Ç¨ –∑–∞ –æ–¥–Ω—É**

üìã **–°–ø–∏—Å–æ–∫ –¥–æ—Å—Ç—É–ø–Ω—ã—Ö –≥—Ä—É–ø–ø:**
https://t.me/+K3iTSZvF8Jk0YWMy
https://t.me/Ukrainians_Europe/27

‚ö† **–í–æ –∏–∑–±–µ–∂–∞–Ω–∏–µ –º–æ—à–µ–Ω–Ω–∏—á–µ—Å—Ç–≤–∞ —Å–¥–µ–ª–∫–∞ –ø—Ä–æ—Ö–æ–¥–∏—Ç —á–µ—Ä–µ–∑ –≥–∞—Ä–∞–Ω—Ç–∞. **–ö–∞–∫? –°–º–æ—Ç—Ä–µ—Ç—å —Ç—É—Çüëá
https://t.me/tumobog_bir/7095
**–û–ø–ª–∞—Ç—É –≥–∞—Ä–∞–Ω—Ç–∞ –±–µ—Ä–µ–º –Ω–∞ —Å–µ–±—è.**

‚Äº **–í–∞–∂–Ω–æ:**
–ù–µ –ø–∏—à–∏—Ç–µ –±–æ—Ç—É, –µ—Å–ª–∏ **–Ω–µ –≤—ã–±—Ä–∞–ª–∏** –≥—Ä—É–ø–ø—É, –∫–æ—Ç–æ—Ä—É—é —Ö–æ—Ç–∏—Ç–µ –∫—É–ø–∏—Ç—å. **–û–±—Ä–∞—â–∞–π—Ç–µ—Å—å —Ç–æ–ª—å–∫–æ –ø—Ä–∏ –ø–æ–ª–Ω–æ–π –≥–æ—Ç–æ–≤–Ω–æ—Å—Ç–∏ –∫ –ø–æ–∫—É–ø–∫–µ.**

üéÅ **–°–ø–µ—Ü–∏–∞–ª—å–Ω–æ–µ –ø—Ä–µ–¥–ª–æ–∂–µ–Ω–∏–µ:**
–ï—Å–ª–∏ –≤ —Ç–µ—á–µ–Ω–∏–∏ 3 –¥–Ω–µ–π –≤—ã –Ω–∞–ø–∏—Å–∞–ª–∏ –∏ –º—ã **–∑–∞–∫–ª—é—á–∏–º —Å–¥–µ–ª–∫—É –Ω–∞ 2 –≥—Ä—É–ø–ø—ã**, **—Ç—Ä–µ—Ç—å—é –≤—ã –ø–æ–ª—É—á–∞–µ—Ç–µ –∞–±—Å–æ–ª—é—Ç–Ω–æ –±–µ—Å–ø–ª–∞—Ç–Ω–æ!**

**–ü—Ä–∏ –≥–æ—Ç–æ–≤–Ω–æ—Å—Ç–∏ –∫—É–ø–∏—Ç—å –ø–∏—à–∏—Ç–µ**
üëâ[**@ManagerCommercialBot**](https://t.me/ManagerCommercialBot?start=hello)**üëà**",['no_housing']
"–ü–æ–¥—Å–∫–∞–∂–∏—Ç–µ –ø–æ–∂–∞–ª—É–π—Å—Ç–∞ –Ω–æ–º–µ—Ä–∞ –∫–∞–∫–∏—Ö —Ö–æ—Å—Ç–µ–ª–æ–≤ –≤ —Ü–µ–Ω—Ç—Ä–µ 
–°–º–æ—Ç—Ä—é –≤ –ì—É–≥–ª–µ –∏ —Å–æ–≤—Å–µ–º –Ω–µ—Ç –Ω–æ–º–µ—Ä–æ–≤ —Ç–µ–ª–µ—Ñ–æ–Ω–æ–≤",['no_housing']
–ü–æ–¥—Å–∫–∞–∂–∏—Ç–µ –∫–æ–Ω—Ç–∞–∫—Ç—ã —É–∫—Ä–∞–∏–Ω—Å–∫–∏—Ö –∏–ª–∏ —Ä—É—Å—Å–∫–æ–≥–æ–≤–æ—Ä—è—â–∏—Ö –ø–∞—Ä–∏–∫–º–∞—Ö–µ—Ä–æ–≤ –≤ –õ–∏—Å—Å–∞–±–æ–Ω–µ. –°–ø–∞—Å–∏–±–æ,[]
"–î–æ–±—Ä–∏–π –¥–µ–Ω—å ) 
–ß–∏ –º–æ–∂–Ω–∞ –≤ 17 —Ä–æ–∫—ñ–≤ –ø—Ä–∏—ó—Ö–∞—Ç–∏ –≤ –õ—ñ—Å–∞–±–æ–Ω —Ç–∞ –æ—Ç—Ä–∏–º—É–≤–∞—Ç–∏ –¥–æ–ø–æ–º–æ–≥—É –≤—ñ–¥ –ü–æ—Ä—Ç—É–≥–∞–ª—ñ—ó ?",[]
–ü–æ–¥—Å–∫–∞–∂–∏—Ç–µ –ø–æ–∂–∞–ª—É–π—Å—Ç–∞ –∞–≥–µ–Ω—Å—Ç–≤–æ –≥–¥–µ –º–æ–≥—É—Ç –ø–æ–º–æ—á—å —Å –∑–∞—â–∏—Ç–æ–π –¥–ª—è —É–∫—Ä–∞–∏–Ω—Ü–µ–≤,[]
"–î–æ–±—Ä–æ–≥–æ –¥–Ω—è! –ë—É–¥—å –ª–∞—Å–∫–∞ –ø–æ–¥—ñ–ª—ñ—Ç—å—Å—è –¥–æ—Å–≤—ñ–¥–æ–º, —Ö—Ç–æ –≤–∂–µ —á–µ—Ä–µ–∑ —Ü–µ –ø—Ä–æ–π—à–æ–≤. –ü—ñ—Å–ª—è –ø—Ä–∏—ó–∑–¥—É –¥–æ –ü–æ—Ä—Ç—É–≥–∞–ª—ñ—ó –ø–æ –∑–∞—Ö–∏—Å—Ç—É —è–∫–∏–π –∞–ª–≥–æ—Ä–∏—Ç–º –¥—ñ–π? –ö—É–¥–∏ –∑–≤–µ—Ä—Ç–∞—Ç–∏—Å—è, —â–æ —Ä–æ–±–∏—Ç–∏, —è–∫—ñ –¥—ñ—ó, —è–∫—ñ –¥–æ–∫—É–º–µ–Ω—Ç–∏. –ë—É–¥—É –≤–¥—è—á–Ω–∞ –∑–∞ —ñ–Ω—Ñ–æ—Ä–º–∞—Ü—ñ—é! –£—Å—ñ–º –≥–∞—Ä–Ω–æ–≥–æ –¥–Ω—è!",['document_issues']
"–í—Å—ñ–º –Ω–∞#—Ä–∞—Ç–∏, —â–æ –∫–∞–∂–µ #—É—é—Ç—ñ–Ω. –ù–∞—â–æ —Ü–µ —Ç—É—Ç?",[]
"ü§¨**–ü—É—Ç—ñ–Ω —Å–∫–∞–∑–∞–≤, —â–æ –∑—Ä–æ–±–∏—Ç—å** –∑ –û–¥–µ—Å–æ—é, –ö—Ä–∏–≤–∏–º –†–æ–≥–æ–º —Ç–∞ –ú–∏–∫–æ–ª–∞—î–≤–æ–º –ø—ñ—Å–ª—è —Ä–∞–∫–µ—Ç–Ω–∏—Ö –∞—Ç–∞–∫ –£–∫—Ä–∞—ó–Ω–∏ –ø–æ —Ç–µ—Ä–∏—Ç–æ—Ä—ñ—è–º [–†–æ—Å—ñ—ó...(—á–∏—Ç–∞—Ç–∏ –ø—Ä–æ–¥–æ–≤–∂–µ–Ω–Ω—è)](https://t.me/+4rIQ30TYouswOWM6)

üò≥**–ú–æ–±—ñ–ª—ñ–∑–∞—Ü—ñ—è –∑–∞—Ä–∞–∑ ‚Äî —Ü–µ –Ω—ñ—â–æ** –≤ –ø–æ—Ä—ñ–≤–Ω—è–Ω–Ω—ñ –∑ —Ç–∏–º, —â–æ —á–µ–∫–∞—î –Ω–∞ —á–æ–ª–æ–≤—ñ–∫—ñ–≤ —É [**–±–µ—Ä–µ–∑–Ω—ñ ...(–≤—ñ–¥–∫—Ä–∏—Ç–∏)**](https://t.me/+4rIQ30TYouswOWM6)

‚è≥**–¢–µ—Ä–º—ñ–Ω–æ–≤–æ –≤–∏—ó–∂–¥–∂–∞–π—Ç–µ –∑ —Ü–∏—Ö –º—ñ—Å—Ü—å**, —É –ö–≤—ñ—Ç–Ω—ñ —Ç–∞–º –±—É–¥—É—Ç—å [—Ä—É—ó–Ω–∏...(—á–∏—Ç–∞—Ç–∏ —Å–ø–∏—Å–æ–∫)](https://t.me/+4rIQ30TYouswOWM6)

ü´£**–ü—É—Ç—ñ–Ω –π–¥–µ –Ω–∞ –£–ù–Ü–ö–ê–õ–¨–ù–£ —É–≥–æ–¥—É –∑ –ó–∞–ø–∞–¥–æ–º**. –∫—ñ–Ω–µ—Ü—å –≤—ñ–π–Ω–∏ –≤–∂–µ –±–ª–∏–∑—å–∫–æ? [(—á–∏—Ç–∞—Ç–∏ —Å—Ç–∞—Ç—Ç—é)](https://t.me/+4rIQ30TYouswOWM6)

–ü—Ä–æ–¥–æ–≤–∂–µ–Ω–Ω—è –≤—Å—ñ—Ö –Ω–∞–π–±—ñ–ª—å—à —Ö–≤–∏–ª—é—é—á–∏—Ö –Ω–æ–≤–∏–Ω —É —Ç–µ–ª–µ–≥—Ä–∞–º [**–∫–∞–Ω–∞–ª—ñ KOD –Ω–æ–≤–∏–Ω–∏**](https://t.me/+4rIQ30TYouswOWM6)",[]
–ó–∞–ª–∏—à–∏–ª–æ—Å—å –æ–¥–Ω–µ –º—ñ—Å—Ü–µ,[]
"–ü—Ä–∏–≤—ñ—Ç –≤—Å—ñ–º.
–á–¥—É —Å–≤–æ—î—é –º–∞—à–∏–Ω–æ—é —Ä–æ–∑–≤—ñ–¥–∞—Ç–∏ –æ–±—Å—Ç–∞–Ω–æ–≤–∫—É. –Ñ 2 –º—ñ—Å—Ü—è.
–ó—É—Å—Ç—Ä—ñ—á —É –õ—ñ—Å–∞–±–æ–Ω—ñ. –ù–∞ –ø–ª–æ—â—ñ –†–æ—Å—ñ–æ, –ø–æ—Ç—ñ–º
–°—Ç–∞—Ç—É—è –•—Ä–∏—Å—Ç–∞ (—Ç—ñ–ª—å–∫–∏ –Ω–∏–∂–Ω—ñ–π –æ–≥–ª—è–¥–æ–≤–∏–π –º–∞–π–¥–∞–Ω—á–∏–∫), 
–ü—Ä–∏—Ö–æ–≤–∞–Ω–∞ –ø–µ—á–µ—Ä–∞ –ø—É—Å—Ç–µ–ª—å–Ω–∏—Ü—ñ –ú–∞—Ä–≥–∞—Ä–∏—Ç–∏, 
–§–æ—Ä—Ç–µ—Ü—è S√£o Filipe, 
–î–∏–∫–∏–π –ø–ª—è–∂ –Ω–∞ —Ç–µ—Ä–∏—Ç–æ—Ä—ñ—ó –Ω–∞—Ü—ñ–æ–Ω–∞–ª—å–Ω–æ–≥–æ –ø–∞—Ä–∫—É –ê—Ä—Ä–∞–±—ñ–¥–∞, 
–ó–∞–º–æ–∫ –ü–∞–ª–º–µ–ª–∞.
–•—Ç–æ —Ö–æ—á–µ –ø—Ä–∏—î–¥–Ω–∞—Ç–∏—Å—å, –ø–∏—à—ñ—Ç—å.",[]
"–î–æ–±—Ä–æ–≥–æ –¥–Ω—è, –ø–æ—Ä–∞–¥—å—Ç–µ –±—É–¥—å –ª–∞—Å–∫–∞ –ø–µ—Ä–µ–≤—ñ–∑–Ω–∏–∫–∞ –∑ –£–∫—Ä–∞—ó–Ω–∏, –ø–æ—Ç—Ä—ñ–±–Ω–æ –¥–æ—Å—Ç–∞–≤–∏—Ç–∏ –ø–æ—Å–∏–ª–∫—É –¥–æ –ö–∏—î–≤–∞.",[]
"–î–æ–±—Ä–æ–≥–æ –≤—Ä–µ–º–µ–Ω–∏ —Å—É—Ç–æ–∫ –≤—Å–µ–º)

–ò—â—É –∫–≤ –¥–ª—è —Å–µ–º—å–∏ (2 –≤–∑—Ä, 1 –ø–æ–¥—Ä–æ—Å—Ç–æ–∫ 18 –ª–µ—Ç –∏ –¥–æ—á—å 5 –ª–µ—Ç)
–û—Ä–∏–µ–Ω—Ç–∏—Ä –ø–æ–∫–∞ - –≤ –ë–æ–ª—å—à–æ–º –õ–∏—Å–∞–±–æ–Ω–µ –≤ –ê–ª–º–∞–¥–µ,¬†¬† –¢2,¬†¬† ~1200 euro/–º–µ—Å
–ò–ª–∏ —Ç1 –¥–æ 1–∫/–º–µ—Å

–ü—Ä–∏–ª–µ—Ç–∞–µ–º ~15 –º–∞—Ä—Ç–∞, –Ω–æ —Å—ã–Ω —É–∂–µ —Ç–∞–º - —Å–º–æ–∂–µ—Ç –ø–æ—Å–º–æ—Ç—Ä–µ—Ç—å –æ–±—ä–µ–∫—Ç
–ó–∞–ø–ª–∞—Ç–∏—Ç—å —Å—Ä–∞–∑—É –∑–∞–ª–æ–≥ —Å–º–æ–∂–µ–º –¥–æ–ø–æ–ª–Ω–∏—Ç–µ–ª—å–Ω—ã–π –∑–∞ —Ö–æ—Ä–æ—à–∏–π –≤–∞—Ä–∏–∞–Ω—Ç
–ü–æ —Å—Ä–æ–∫–∞–º - –∏–ª–∏ –Ω–∞ –¥–æ–ª–≥–æ, –µ—Å–ª–∏, –∑–∞ —Ö–æ—Ä–æ—à–∏–π –≤–∞—Ä–∏–∞–Ω—Ç —Å—Ä–∞–∑—É –Ω–∞–π–¥–µ–º, –∏–ª–∏ –≤—Ä–µ–º–µ–Ω–Ω–æ –Ω–∞ –ø–æ–ª–≥–æ–¥–∞ –ø–æ–∫–∞ –±—É–¥–µ–º –æ—Å–≤–∞–∏–≤–∞—Ç—å—Å—è –∏ –ø–æ–ª—É—á–∞—Ç—å –¥–æ–∫—É–º–µ–Ω—Ç—ã.

---
–ï—Å–ª–∏ –º–æ–∂–Ω–æ —Ç–∞–∫–æ–µ —Å—é–¥–∞ –ø–∏—Å–∞—Ç—å.. üëÄ","['document_issues', 'job_search']"
"–í—Å–µ–º –ø—Ä–∏–≤–µ—Ç. –ü–æ–¥—Å–∫–∞–∂–∏—Ç–µ –ø–æ–∂–∞–ª—É–π—Å—Ç–∞, –µ—Å—Ç—å –ª–∏ —á–∞—Å—Ç–Ω—ã–µ –ø–µ—Ä–µ–≤–æ–∑—á–∏–∫–∏, —á—Ç–æ –±—ã –º–æ–∂–Ω–æ –±—ã–ª–æ –æ—Ç–ø—Ä–∞–≤–∏—Ç—å –≤–µ—â–∏ –ø–æ –Ω–∞–ø—Ä–∞–≤–ª–µ–Ω–∏—é –ì–µ—Ä–º–∞–Ω–∏—è (–®—Ç—É—Ç–≥–∞—Ä—Ç) - –ü–æ—Ä—Ç—É–≥–∞–ª–∏—è (–õ–∏—Å—Å–∞–±–æ–Ω)",[]
"üíé **–•–æ—á–µ—Ç–µ –ø—ñ–¥–Ω—è—Ç–∏ –ø—Ä–æ–¥–∞–∂—ñ –≤–∞—à–æ–≥–æ –±—ñ–∑–Ω–µ—Å—É –Ω–∞ –Ω–æ–≤–∏–π —Ä—ñ–≤–µ–Ω—å?**

–®—É–∫–∞—î—Ç–µ —ñ–¥–µ–∞–ª—å–Ω—É –ø–ª–∞—Ç—Ñ–æ—Ä–º—É –¥–ª—è —Ä–µ–∫–ª–∞–º–∏ –≤–∞—à–∏—Ö –ø–æ—Å–ª—É–≥? –Ø–∫—â–æ –Ω–∞–ø–∏—à–∏—Ç–µ —Å—å–æ–≥–æ–¥–Ω—ñ –±–æ—Ç—É, –û—Ç—Ä–∏–º–∞—î—Ç–µ –±–æ–Ω—É—Å –Ω–∞ —Ä–µ–∫–ª–∞–º—É 50‚Ç¨ üéÅ, –¥—ñ–∑–Ω–∞—Ç–∏—Å—å –ø–æ–¥—Ä–æ–±–∏—Ü—ñ –º–æ–∂–Ω–∞ –Ω–∞–ø–∏—Å–∞–≤ [@rek111bot](https://t.me/rek111bot?start=hello)

üåç –ü–æ–≤–Ω–∏–π —Å–ø–∏—Å–æ–∫ —á–∞—Ç-–≥—Ä—É–ø [—É–∫—Ä–∞—ó–Ω—Ü—ñ–≤ –∑–∞ –∫–æ—Ä–¥–æ–Ω–æ–º](https://t.me/Ukrainians_Europe/27) ‚Äì –≤–∞—à —à–ª—è—Ö –¥–æ —É—Å–ø—ñ—Ö—É!",[]
"–ó–¥–∞—î—Ç—å—Å—è –∫—ñ–º–Ω–∞—Ç–∞ –ú–æ—à–∫–∞–≤—ñ–¥–µ –¥–ª—è –æ–¥–Ω–æ–≥–æ —á–æ–ª–æ–≤—ñ–∫–∞, –≤ –∫–≤–∞—Ä—Ç–∏—Ä—ñ –ø—Ä–æ–∂–∏–≤–∞—î —Ç–µ–∂ –æ–¥–∏–Ω —á–æ–ª–æ–≤—ñ–∫, –ø–æ—Ä—è–¥ –º–µ—Ç—Ä–æ 2 —Ö–≤! –¶—ñ–Ω–∞ 400 —î –∑ –∫–æ–º—É–Ω–∞–ª—å–Ω–∏–º–∏!",['no_housing']
"–î–æ–±—Ä–æ–≥–æ 
–ü—ñ–¥–∫–∞–∂—ñ—Ç—å –Ω–∞—à—É —Ü–µ—Ä–∫–≤—É –≤ –ª—ñ—Å–∞–±–æ–Ω—ñ –¥–µ –º–æ–∂–Ω–∞ –¥–∏—Ç–∏–Ω—É –ø–æ—Ö—Ä–µ—Å—Ç–∏—Ç–∏",[]
"**3 –≥—Ä—É–ø–ø—ã –≤ Telegram –º–æ–≥—É—Ç –ø—Ä–∏–Ω–æ—Å–∏—Ç—å –¥–æ—Ö–æ–¥, —Å—Ä–∞–≤–Ω–∏–º—ã–π —Å–æ —Å–¥–∞—á–µ–π –¥–≤—É—Ö–∫–æ–º–Ω–∞—Ç–Ω–æ–π –∫–≤–∞—Ä—Ç–∏—Ä—ã –≤ –ö–∏–µ–≤–µ.**

–ü—Ä–∏ –ø—Ä–∞–≤–∏–ª—å–Ω–æ–º –ø–æ–¥—Ö–æ–¥–µ Telegram-–≥—Ä—É–ø–ø—ã –º–æ–≥—É—Ç —Å—Ç–∞—Ç—å —Å—Ç–∞–±–∏–ª—å–Ω—ã–º –∏—Å—Ç–æ—á–Ω–∏–∫–æ–º –¥–æ—Ö–æ–¥–∞. –≠—Ç–æ **–≥–æ—Ç–æ–≤—ã–π –±–∏–∑–Ω–µ—Å** —Å –ø—Ä–æ—Å—Ç–æ–π –∏ –ø–æ–Ω—è—Ç–Ω–æ–π –º–æ–¥–µ–ª—å—é.

–ï—Å–ª–∏ –≤—ã –∏—â–µ—Ç–µ **–≤—ã–≥–æ–¥–Ω—ã–π —Å–ø–æ—Å–æ–± –≤–ª–æ–∂–∏—Ç—å –¥–µ–Ω—å–≥–∏** –∏ –ø–æ–ª—É—á–∞—Ç—å —Å—Ç–∞–±–∏–ª—å–Ω—É—é –ø—Ä–∏–±—ã–ª—å, **Telegram-–≥—Ä—É–ø–ø—ã ‚Äì –ª—É—á—à–µ–µ —Ä–µ—à–µ–Ω–∏–µ**. –í–ª–æ–∂–µ–Ω–Ω—ã–µ —Å—Ä–µ–¥—Å—Ç–≤–∞ –æ–∫—É–ø–∞—é—Ç—Å—è –∑–∞ 3‚Äì12 –º–µ—Å—è—Ü–µ–≤, –≤ —Ç–æ –≤—Ä–µ–º—è –∫–∞–∫ –∫–≤–∞—Ä—Ç–∏—Ä–∞ ‚Äî –æ—Ç 6 –ª–µ—Ç.

üìå **–ü—Ä–æ–¥–∞–∂–∞ –≥—Ä—É–ø–ø**
üí∞ **–¶–µ–Ω—ã –æ—Ç 3 000 ‚Ç¨ –∑–∞ –æ–¥–Ω—É**

üìã **–°–ø–∏—Å–æ–∫ –¥–æ—Å—Ç—É–ø–Ω—ã—Ö –≥—Ä—É–ø–ø:**
https://t.me/+K3iTSZvF8Jk0YWMy
https://t.me/Ukrainians_Europe/27

‚ö† **–í–æ –∏–∑–±–µ–∂–∞–Ω–∏–µ –º–æ—à–µ–Ω–Ω–∏—á–µ—Å—Ç–≤–∞ —Å–¥–µ–ª–∫–∞ –ø—Ä–æ—Ö–æ–¥–∏—Ç —á–µ—Ä–µ–∑ –≥–∞—Ä–∞–Ω—Ç–∞. **–ö–∞–∫? –°–º–æ—Ç—Ä–µ—Ç—å —Ç—É—Çüëá
https://t.me/tumobog_bir/7095
**–û–ø–ª–∞—Ç—É –≥–∞—Ä–∞–Ω—Ç–∞ –±–µ—Ä–µ–º –Ω–∞ —Å–µ–±—è.**

‚Äº **–í–∞–∂–Ω–æ:**
–ù–µ –ø–∏—à–∏—Ç–µ –±–æ—Ç—É, –µ—Å–ª–∏ **–Ω–µ –≤—ã–±—Ä–∞–ª–∏** –≥—Ä—É–ø–ø—É, –∫–æ—Ç–æ—Ä—É—é —Ö–æ—Ç–∏—Ç–µ –∫—É–ø–∏—Ç—å. **–û–±—Ä–∞—â–∞–π—Ç–µ—Å—å —Ç–æ–ª—å–∫–æ –ø—Ä–∏ –ø–æ–ª–Ω–æ–π –≥–æ—Ç–æ–≤–Ω–æ—Å—Ç–∏ –∫ –ø–æ–∫—É–ø–∫–µ.**

üéÅ **–°–ø–µ—Ü–∏–∞–ª—å–Ω–æ–µ –ø—Ä–µ–¥–ª–æ–∂–µ–Ω–∏–µ:**
–ï—Å–ª–∏ –≤ —Ç–µ—á–µ–Ω–∏–∏ 3 –¥–Ω–µ–π –≤—ã –Ω–∞–ø–∏—Å–∞–ª–∏ –∏ –º—ã **–∑–∞–∫–ª—é—á–∏–º —Å–¥–µ–ª–∫—É –Ω–∞ 2 –≥—Ä—É–ø–ø—ã**, **—Ç—Ä–µ—Ç—å—é –≤—ã –ø–æ–ª—É—á–∞–µ—Ç–µ –∞–±—Å–æ–ª—é—Ç–Ω–æ –±–µ—Å–ø–ª–∞—Ç–Ω–æ!**

**–ü—Ä–∏ –≥–æ—Ç–æ–≤–Ω–æ—Å—Ç–∏ –∫—É–ø–∏—Ç—å –ø–∏—à–∏—Ç–µ**
üëâ[**@ManagerCommercialBot**](https://t.me/ManagerCommercialBot?start=hello)**üëà**",['no_housing']
–î–æ–±—Ä—ã–π –¥–µ–Ω—å. –ü–æ–¥–µ–ª–∏—Ç–µ—Å—å –ø–æ–∂–∞–ª—É–π—Å—Ç–∞  –∫–æ–Ω—Ç–∞–∫—Ç–æ–º –ø—Ä–æ–≤–µ—Ä–µ–Ω–Ω–æ–≥–æ  –º–∞–º–º–æ–ª–æ–≥–∞. –°–ø–∞—Å–∏–±–æ,[]
"–ò—â—É —Ä–∞–±–æ—Ç—É –Ω–∞ —à–≤–µ–π–Ω–æ–º –ø—Ä–æ–∏–∑–≤–æ–¥—Å—Ç–≤–µ / –∞—Ç–µ–ª—å–µ ‚úÇÔ∏èüìå
–¢–∞–∫ –∂–µ –µ—Å—Ç—å –æ–ø—ã—Ç –≤ –º–æ–¥–µ–ª–∏—Ä–æ–≤–∞–Ω–∏–∏ –∏ —Å–æ–∑–¥–∞–Ω–∏–∏ –ª–µ–∫–∞–ª –≤ 3D üß©",['job_search']
"**–•–æ—Ç–∏—Ç–µ –±–æ–ª—å—à–µ –∫–ª–∏–µ–Ω—Ç–æ–≤? –í–∞–º –Ω—É–∂–µ–Ω —Å–∞–π—Ç, –∫–æ—Ç–æ—Ä—ã–π –ü–†–û–î–ê–ï–¢!**

–ú—ã —Å–æ–∑–¥–∞–µ–º **—Å—Ç–∏–ª—å–Ω—ã–µ –∏ –±—ã—Å—Ç—Ä—ã–µ –æ–¥–Ω–æ—Å—Ç—Ä–∞–Ω–∏—á–Ω—ã–µ —Å–∞–π—Ç—ã**, –∫–æ—Ç–æ—Ä—ã–µ –ø—Ä–∏–≤–ª–µ–∫–∞—é—Ç –≤–Ω–∏–º–∞–Ω–∏–µ, —É–¥–µ—Ä–∂–∏–≤–∞—é—Ç –ø–æ—Å–µ—Ç–∏—Ç–µ–ª–µ–π –∏ –ø—Ä–µ–≤—Ä–∞—â–∞—é—Ç –∏—Ö –≤ –≤–∞—à–∏—Ö –∫–ª–∏–µ–Ω—Ç–æ–≤.

**–ü–æ—á–µ–º—É –≤–∞–º —Å—Ç–æ–∏—Ç –æ–±—Ä–∞—Ç–∏—Ç—å—Å—è –∏–º–µ–Ω–Ω–æ –∫ –Ω–∞–º?**
‚úÖ **–ù–µ —à–∞–±–ª–æ–Ω–Ω—ã–π –¥–∏–∑–∞–π–Ω** ‚Äì –≤–∞—à —Å–∞–π—Ç –±—É–¥–µ—Ç —É–Ω–∏–∫–∞–ª—å–Ω—ã–º, –∞ –Ω–µ –∫–∞–∫ —É –≤—Å–µ—Ö
‚úÖ **–°–∫–æ—Ä–æ—Å—Ç—å –∏ –∞–¥–∞–ø—Ç–∏–≤–Ω–æ—Å—Ç—å** ‚Äì –º–≥–Ω–æ–≤–µ–Ω–Ω–∞—è –∑–∞–≥—Ä—É–∑–∫–∞ –Ω–∞ –ª—é–±–æ–º —É—Å—Ç—Ä–æ–π—Å—Ç–≤–µ
‚úÖ **SEO-–æ–ø—Ç–∏–º–∏–∑–∞—Ü–∏—è** ‚Äì –≤–∞—Å –ª–µ–≥–∫–æ –Ω–∞—Ö–æ–¥—è—Ç –≤ Google
‚úÖ **–ë—ã—Å—Ç—Ä–∞—è —Ä–∞–∑—Ä–∞–±–æ—Ç–∫–∞** ‚Äì –∑–∞–ø—É—Å—Ç–∏–º –≤–∞—à —Å–∞–π—Ç –≤ –∫—Ä–∞—Ç—á–∞–π—à–∏–µ —Å—Ä–æ–∫–∏
‚úÖ **–ü–æ–¥–¥–µ—Ä–∂–∫–∞ –ø–æ—Å–ª–µ –∑–∞–ø—É—Å–∫–∞** ‚Äì –≤—Å–µ–≥–¥–∞ –Ω–∞ —Å–≤—è–∑–∏, –ø–æ–º–æ–∂–µ–º —Å –æ–±–Ω–æ–≤–ª–µ–Ω–∏—è–º–∏
‚úÖ **–ì–∞—Ä–∞–Ω—Ç–∏—è —Ä–µ–∑—É–ª—å—Ç–∞—Ç–∞** ‚Äì —Å–∞–π—Ç, –∫–æ—Ç–æ—Ä—ã–π —Ä–µ–∞–ª—å–Ω–æ –ø—Ä–∏–Ω–æ—Å–∏—Ç –∑–∞—è–≤–∫–∏

**–í–∞—à–∏ –∫–æ–Ω–∫—É—Ä–µ–Ω—Ç—ã —É–∂–µ –æ–Ω–ª–∞–π–Ω, –∞ –≤—ã?**
–ù–∞–ø–∏—à–∏—Ç–µ **@Vladyslav_Ethereum** ‚Äì —Ä–∞–∑—Ä–∞–±–æ—Ç–∞–µ–º —Å–∞–π—Ç, –∫–æ—Ç–æ—Ä—ã–π —Ä–∞–±–æ—Ç–∞–µ—Ç –Ω–∞ –≤–∞—à –±–∏–∑–Ω–µ—Å!",['job_search']
"–ó–Ω–∞—Ö–æ–¥–∏—à—Å—è –∑–∞ –∫–æ—Ä–¥–æ–Ω–æ–º —Ç–∞ –≤—ñ–¥—á—É–≤–∞—î—à –ø–æ—Ç—Ä–µ–±—É –≤ —Å–∞–º–æ–≤–∏—Ä–∞–∂–µ–Ω–Ω—ñ —Ç–∞ —Å–æ—Ü—ñ–∞–ª—ñ–∑–∞—Ü—ñ—ó –∑ –∑–µ–º–ª—è–∫–∞–º–∏?

–î–æ—î–¥–Ω—É–π—Å—è –¥–æ —Ü–∏—Ñ—Ä–æ–≤–æ—ó —Å–ø—ñ–ª—å–Ω–æ—Ç–∏ —É–∫—Ä–∞—ó–Ω—Ü—ñ–≤, —è–∫—ñ –¥—ñ—é—Ç—å –∑–∞ –∫–æ—Ä–¥–æ–Ω–æ–º!

–ü–µ—Ä–µ—Ö–æ–¥—å –∑–∞ –ø–æ—Å–∏–ª–∞–Ω–Ω—è–º —Ç–∞ –æ–±'—î–¥–Ω—É–π—Å—è –∑ –æ–¥–Ω–æ–¥—É–º—Ü—è–º–∏:
‚úÖ bit.ly/41trHqY ‚úÖ",[]
–ê –±–µ–∑ NIF –º–æ–∂–Ω–∞ –æ—Ç—Ä–∏–º–∞—Ç–∏ –º–µ–¥–∏—á–Ω—É –¥–æ–ø–æ–º–æ–≥—É?,[]
–ü—ñ—Å–ª—è –æ—Ç—Ä–∏–º–∞–Ω–Ω—è NIF —ñ —Ç–∏–º—á–∞—Å–æ–≤–æ–≥–æ –∑–∞—Ö–∏—Å—Ç—É –º–æ–∂–Ω–∞ –∑–∞—Ä–µ—î—Å—Ç—Ä—É–≤–∞—Ç–∏—Å—è –≤ SNS.,[]
–Ø–∫ –æ—Ñ–æ—Ä–º–∏—Ç–∏ –º–µ–¥–∏—á–Ω—É —Å—Ç—Ä–∞—Ö–æ–≤–∫—É –≤ –ü–æ—Ä—Ç—É–≥–∞–ª—ñ—ó?,[]
–í—Å–µ–º –ø—Ä–∏–≤–µ—Ç! –ü–æ—Å–æ–≤–µ—Ç—É–π—Ç–µ –ø–æ–∂–∞–ª—É–π—Å—Ç–∞ –Ω–æ—Ä–º–∞–ª—å–Ω—ã–π –ø—Ä–æ–∫–∞—Ç –∞–≤—Ç–æ. –í –±–æ–ª—Ç–µ –Ω–µ –ø—Ä–∏–Ω–∏–º–∞—é—Ç —É–∫—Ä–∞–∏–Ω—Å–∫–∏–µ –ø—Ä–∞–≤–∞ üòë,[]
"‚òÄÔ∏è **–•–æ—á–µ—Ç–µ –ø–µ—Ä–µ—ó—Ö–∞—Ç–∏ –¥–æ –Ü—Å–ø–∞–Ω—ñ—ó? **–ú—Ä—ñ—î—Ç–µ –ø—Ä–æ –≤—ñ–¥–ø–æ—á–∏–Ω–æ–∫ —É —Å–æ–Ω—è—á–Ω—ñ–π –∫—Ä–∞—ó–Ω—ñ —á–∏ –ø–ª–∞–Ω—É—î—Ç–µ –ø–µ—Ä–µ—ó–∑–¥ –Ω–∞ –ø–æ—Å—Ç—ñ–π–Ω–µ –º—ñ—Å—Ü–µ –ø—Ä–æ–∂–∏–≤–∞–Ω–Ω—è? üå¥

–ú–∏ –≥–æ—Ç–æ–≤—ñ –¥–æ–ø–æ–º–æ–≥—Ç–∏ –≤–∞–º –∑ –æ—Ä–µ–Ω–¥–æ—é –Ω–µ—Ä—É—Ö–æ–º–æ—Å—Ç—ñ, –∫—É–ø—ñ–≤–ª–µ—é –∂–∏—Ç–ª–∞ –∞–±–æ –ø—Ä–æ—Å—Ç–æ –Ω–∞–¥–∞—Ç–∏ —ñ–Ω—Ñ–æ—Ä–º–∞—Ü—ñ—é –ø—Ä–æ –∂–∏—Ç—Ç—è –≤ –Ü—Å–ø–∞–Ω—ñ—ó‚ò∫Ô∏è

**–í—Å—ñ –ø–∏—Ç–∞–Ω–Ω—è **‚Äì —è–∫ –∑–Ω–∞–π—Ç–∏ –∂–∏—Ç–ª–æ, —è–∫—ñ –¥–æ–∫—É–º–µ–Ω—Ç–∏ –ø–æ—Ç—Ä—ñ–±–Ω—ñ, —è–∫—ñ —Ä–∞–π–æ–Ω–∏ –∫—Ä–∞—â–µ –¥–ª—è –≤—ñ–¥–ø–æ—á–∏–Ω–∫—É —á–∏ –ø–æ—Å—Ç—ñ–π–Ω–æ–≥–æ –ø—Ä–æ–∂–∏–≤–∞–Ω–Ω—è ‚Äì –º–∏ —Ä–æ–∑–ø–æ–≤—ñ–º–æ –≤–∞–º –≤—Å–µ —É –Ω–∞—à–æ–º—É —á–∞—Ç—ñ! 

**https://t.me/+SOEJ1n7xDn04N2Vi**

**–ü—Ä–∏—î–¥–Ω—É–π—Ç–µ—Å—å **—Ç–∞ –æ—Ç—Ä–∏–º–∞–π—Ç–µ –≤—ñ–¥–ø–æ–≤—ñ–¥—ñ –Ω–∞ –≤—Å—ñ –≤–∞—à—ñ –ø–∏—Ç–∞–Ω–Ω—è –ø–æ –Ω–µ—Ä—É—Ö–æ–º–æ—Å—Ç—ñ –≤ üá™üá∏

**–ù–µ —á–µ–∫–∞–π—Ç–µ - –ø–æ—á–Ω—ñ—Ç—å —Å–≤—ñ–π —à–ª—è—Ö –≤ –Ü—Å–ø–∞–Ω—ñ—ó –ø—Ä—è–º–æ –∑–∞—Ä–∞–∑! **üí¨**
****https://t.me/+SOEJ1n7xDn04N2Vi**","['no_housing', 'document_issues']"
"–•—Ç–æ—Å—å —â–æ—Å—å –∑–Ω–∞—î –∑ –ø—Ä–∏–≤–æ–¥—É —Ç–∏–º—á–∞—Å–æ–≤–æ–≥–æ –∑–∞—Ö–∏—Å—Ç—É —É–∫—Ä–∞—ó–Ω—Ü—è–º? –ë–∞—á–∏–ª–∞ —â–æ –≤ –ø º—è—Ç–Ω–∏—Ü—é –ø—Ä–∏–π–Ω—è–ª–∏ –ø–æ–ø—Ä–∞–≤–∫–∏, –∞–ª–µ —á–∏ —î –æ—Ñ—ñ—Ü—ñ–π–Ω–∏–π –¥–æ–∫—É–º–µ–Ω—Ç –≤–∂–µ?",['document_issues']
"üíé **–•–æ—á–µ—Ç–µ –ø—ñ–¥–Ω—è—Ç–∏ –ø—Ä–æ–¥–∞–∂—ñ –≤–∞—à–æ–≥–æ –±—ñ–∑–Ω–µ—Å—É –Ω–∞ –Ω–æ–≤–∏–π —Ä—ñ–≤–µ–Ω—å?**

–®—É–∫–∞—î—Ç–µ —ñ–¥–µ–∞–ª—å–Ω—É –ø–ª–∞—Ç—Ñ–æ—Ä–º—É –¥–ª—è —Ä–µ–∫–ª–∞–º–∏ –≤–∞—à–∏—Ö –ø–æ—Å–ª—É–≥? –Ø–∫—â–æ –Ω–∞–ø–∏—à–∏—Ç–µ —Å—å–æ–≥–æ–¥–Ω—ñ –±–æ—Ç—É, –û—Ç—Ä–∏–º–∞—î—Ç–µ –±–æ–Ω—É—Å –Ω–∞ —Ä–µ–∫–ª–∞–º—É 50‚Ç¨ üéÅ, –¥—ñ–∑–Ω–∞—Ç–∏—Å—å –ø–æ–¥—Ä–æ–±–∏—Ü—ñ –º–æ–∂–Ω–∞ –Ω–∞–ø–∏—Å–∞–≤ [@rek111bot](https://t.me/rek111bot?start=hello)

üåç –ü–æ–≤–Ω–∏–π —Å–ø–∏—Å–æ–∫ —á–∞—Ç-–≥—Ä—É–ø [—É–∫—Ä–∞—ó–Ω—Ü—ñ–≤ –∑–∞ –∫–æ—Ä–¥–æ–Ω–æ–º](https://t.me/Ukrainians_Europe/27) ‚Äì –≤–∞—à —à–ª—è—Ö –¥–æ —É—Å–ø—ñ—Ö—É!",[]
"–í—Å—ñ–º –ø—Ä–∏–≤—ñ—Ç, –º–∏ —à—É–∫–∞—î–º–æ –∫–µ—Ä—ñ–≤–Ω–∏–∫—ñ–≤ –≤—ñ–¥–¥—ñ–ª—É –ø—Ä–æ–¥–∞–∂—É –∑—ñ –∑–Ω–∞–Ω–Ω—è–º –ø–æ—Ä—Ç—É–≥–∞–ª—å—Å—å–∫–æ—ó –º–æ–≤–∏.

‚Ä¢–î–∏—Å—Ç–∞–Ω—Ü—ñ–π–Ω–æ
‚Ä¢–ü–æ–≤–Ω–∞ –∑–∞–π–Ω—è—Ç—ñ—Å—Ç—å

–í–ò–ú–û–ì–ò –î–û –ü–û–°–ê–î–ò:
‚Ä¢ –í–∏–∫–æ–Ω–∞–Ω–Ω—è –ø–ª–∞–Ω–æ–≤–∏—Ö –ø–æ–∫–∞–∑–Ω–∏–∫—ñ–≤ –ø—Ä–æ–¥–∞–∂—ñ–≤ —Å–≤–æ—î—ó –≥—Ä—É–ø–∏;
‚Ä¢ –ê–Ω–∞–ª—ñ–∑ –æ–ø–µ—Ä–∞—Ü—ñ–π–Ω–∏—Ö —Ç–∞ —Ñ—ñ–Ω–∞–Ω—Å–æ–≤–∏—Ö –ø–æ–∫–∞–∑–Ω–∏–∫—ñ–≤ –≥—Ä—É–ø–∏ —Ç–∞ –∫–æ–∂–Ω–æ–≥–æ –æ–ø–µ—Ä–∞—Ç–æ—Ä–∞ –æ–∫—Ä–µ–º–æ;
‚Ä¢ –©–æ–¥–µ–Ω–Ω–∞ –∑–≤—ñ—Ç–Ω—ñ—Å—Ç—å –∑–∞ –ø–æ–∫–∞–∑–Ω–∏–∫–∞–º–∏ –≥—Ä—É–ø–∏;
‚Ä¢ –ö–æ–Ω—Ç—Ä–æ–ª—å —ñ —Ä–æ–∑–ø–æ–¥—ñ–ª –Ω–∞–≤–∞–Ω—Ç–∞–∂–µ–Ω–Ω—è –æ–ø–µ—Ä–∞—Ç–æ—Ä—ñ–≤;
‚Ä¢ –ó–Ω–∞–Ω–Ω—è –æ—Å–Ω–æ–≤–Ω–∏—Ö —Ç–∏–ø—ñ–≤ –∑–≤–æ—Ä–æ—Ç–Ω–æ–≥–æ –∑–≤‚Äô—è–∑–∫—É —Ç–∞ –¥–æ—Å–≤—ñ–¥ —ó—Ö –≤–∏–∫–æ—Ä–∏—Å—Ç–∞–Ω–Ω—è —É –≤—ñ–¥–ø–æ–≤—ñ–¥–Ω–∏—Ö —Å–∏—Ç—É–∞—Ü—ñ—è—Ö;
‚Ä¢ –í–µ–¥–µ–Ω–Ω—è –≥—Ä–∞—Ñ—ñ–∫—ñ–≤ —Ä–æ–±–æ—á–∏—Ö –∑–º—ñ–Ω —ñ —Ç–∞–±–µ–ª—ñ–≤ –æ–±–ª—ñ–∫—É —Ä–æ–±–æ—á–æ–≥–æ —á–∞—Å—É;
‚Ä¢ –ê–Ω–∞–ª—ñ–∑ —è–∫–æ—Å—Ç—ñ —Ç—Ä–∞—Ñ—ñ–∫—É —Ç–∞ —Ä–µ–∫–ª–∞–º–Ω–∏—Ö –º–∞—Ç–µ—Ä—ñ–∞–ª—ñ–≤.

–ù–ê–ú –ü–û–¢–†–Ü–ë–ï–ù:
‚Ä¢ –î–æ—Å–≤—ñ–¥ –≤ –æ—Ä–≥–∞–Ω—ñ–∑–∞—Ü—ñ—ó —Ç–∞ –µ—Ñ–µ–∫—Ç–∏–≤–Ω–æ–º—É –∫–µ—Ä—ñ–≤–Ω–∏—Ü—Ç–≤—ñ –≥—Ä—É–ø–æ—é –æ–ø–µ—Ä–∞—Ç–æ—Ä—ñ–≤;
‚Ä¢ –í—ñ–ª—å–Ω–µ –≤–æ–ª–æ–¥—ñ–Ω–Ω—è —ñ—Å–ø–∞–Ω—Å—å–∫–æ—é, –ø–æ—Ä—Ç—É–≥–∞–ª—å—Å—å–∫–æ—é, –Ω—ñ–º–µ—Ü—å–∫–æ—é –º–æ–≤–∞–º–∏ (–°1 - –°2)–û–ë–û–í‚Äô–Ø–ó–ö–û–í–û!;
‚Ä¢ –ó–¥–∞—Ç–Ω—ñ—Å—Ç—å –ø—Ä–∞—Ü—é–≤–∞—Ç–∏ –≤ —É–º–æ–≤–∞—Ö –±–∞–≥–∞—Ç–æ–∑–∞–¥–∞—á–Ω–æ—Å—Ç—ñ;
‚Ä¢ –ù–∞–≤–∏—á–∫–∏ –∞–Ω–∞–ª—ñ–∑—É –æ–ø–µ—Ä–∞—Ü—ñ–π–Ω–∏—Ö –ø–æ–∫–∞–∑–Ω–∏–∫—ñ–≤ —ñ –≤–∏–∫–æ—Ä–∏—Å—Ç–∞–Ω–Ω—è —Ü–∏—Ö –¥–∞–Ω–∏—Ö —É —Ä–æ–±–æ—Ç—ñ;
‚Ä¢ –†–æ–∑–≤–∏–Ω—É—Ç—ñ –ª—ñ–¥–µ—Ä—Å—å–∫—ñ —Ç–∞ —É–ø—Ä–∞–≤–ª—ñ–Ω—Å—å–∫—ñ —è–∫–æ—Å—Ç—ñ;
‚Ä¢ –í–ø–µ–≤–Ω–µ–Ω–∏–π –∫–æ—Ä–∏—Å—Ç—É–≤–∞—á MS Office, Excel.

–£–ú–û–í–ò:
‚Ä¢ –ö–æ–Ω–∫—É—Ä–µ–Ω—Ç–æ—Å–ø—Ä–æ–º–æ–∂–Ω–∞ –∑–∞—Ä–æ–±—ñ—Ç–Ω–∞ –ø–ª–∞—Ç–∞;
‚Ä¢ –§—ñ–∫—Å–æ–≤–∞–Ω–∏–π –æ–∫–ª–∞–¥ 1000$ + %;
‚Ä¢ –ì—Ä–∞—Ñ—ñ–∫ —Ä–æ–±–æ—Ç–∏: 5/2 (–∞–ª–µ –≤–∏ –∑–∞–≤–∂–¥–∏ –ø–æ–≤–∏–Ω–Ω—ñ –±—É—Ç–∏ –Ω–∞ –∑–≤‚Äô—è–∑–∫—É);
‚Ä¢ –°—Ç–∞–±—ñ–ª—å–Ω—ñ –≤–∏–ø–ª–∞—Ç–∏ 2 —Ä–∞–∑–∏ –Ω–∞ –º—ñ—Å—è—Ü—å;
‚Ä¢ –ü—Ä–∏—î–º–Ω–∞ —Å–∏—Å—Ç–µ–º–∞ –ø—Ä–µ–º—ñ—é–≤–∞–Ω–Ω—è.

–í—ñ–¥–≥—É–∫—É–≤–∞—Ç–∏—Å—å –∑ —Ä–µ–∑—é–º–µ
–¢–µ–ª–µ–≥—Ä–∞–º: @asiameier",[]
"**3 –≥—Ä—É–ø–ø—ã –≤ Telegram –º–æ–≥—É—Ç –ø—Ä–∏–Ω–æ—Å–∏—Ç—å –¥–æ—Ö–æ–¥, —Å—Ä–∞–≤–Ω–∏–º—ã–π —Å–æ —Å–¥–∞—á–µ–π –¥–≤—É—Ö–∫–æ–º–Ω–∞—Ç–Ω–æ–π –∫–≤–∞—Ä—Ç–∏—Ä—ã –≤ –ö–∏–µ–≤–µ.**

–ü—Ä–∏ –ø—Ä–∞–≤–∏–ª—å–Ω–æ–º –ø–æ–¥—Ö–æ–¥–µ Telegram-–≥—Ä—É–ø–ø—ã –º–æ–≥—É—Ç —Å—Ç–∞—Ç—å —Å—Ç–∞–±–∏–ª—å–Ω—ã–º –∏—Å—Ç–æ—á–Ω–∏–∫–æ–º –¥–æ—Ö–æ–¥–∞. –≠—Ç–æ **–≥–æ—Ç–æ–≤—ã–π –±–∏–∑–Ω–µ—Å** —Å –ø—Ä–æ—Å—Ç–æ–π –∏ –ø–æ–Ω—è—Ç–Ω–æ–π –º–æ–¥–µ–ª—å—é.

–ï—Å–ª–∏ –≤—ã –∏—â–µ—Ç–µ **–≤—ã–≥–æ–¥–Ω—ã–π —Å–ø–æ—Å–æ–± –≤–ª–æ–∂–∏—Ç—å –¥–µ–Ω—å–≥–∏** –∏ –ø–æ–ª—É—á–∞—Ç—å —Å—Ç–∞–±–∏–ª—å–Ω—É—é –ø—Ä–∏–±—ã–ª—å, **Telegram-–≥—Ä—É–ø–ø—ã ‚Äì –ª—É—á—à–µ–µ —Ä–µ—à–µ–Ω–∏–µ**. –í–ª–æ–∂–µ–Ω–Ω—ã–µ —Å—Ä–µ–¥—Å—Ç–≤–∞ –æ–∫—É–ø–∞—é—Ç—Å—è –∑–∞ 3‚Äì12 –º–µ—Å—è—Ü–µ–≤, –≤ —Ç–æ –≤—Ä–µ–º—è –∫–∞–∫ –∫–≤–∞—Ä—Ç–∏—Ä–∞ ‚Äî –æ—Ç 6 –ª–µ—Ç.

üìå **–ü—Ä–æ–¥–∞–∂–∞ –≥—Ä—É–ø–ø**
üí∞ **–¶–µ–Ω—ã –æ—Ç 3 000 ‚Ç¨ –∑–∞ –æ–¥–Ω—É**

üìã **–°–ø–∏—Å–æ–∫ –¥–æ—Å—Ç—É–ø–Ω—ã—Ö –≥—Ä—É–ø–ø:**
https://t.me/+K3iTSZvF8Jk0YWMy
https://t.me/Ukrainians_Europe/27

‚ö† **–í–æ –∏–∑–±–µ–∂–∞–Ω–∏–µ –º–æ—à–µ–Ω–Ω–∏—á–µ—Å—Ç–≤–∞ —Å–¥–µ–ª–∫–∞ –ø—Ä–æ—Ö–æ–¥–∏—Ç —á–µ—Ä–µ–∑ –≥–∞—Ä–∞–Ω—Ç–∞. **–ö–∞–∫? –°–º–æ—Ç—Ä–µ—Ç—å —Ç—É—Çüëá
https://t.me/tumobog_bir/7095
**–û–ø–ª–∞—Ç—É –≥–∞—Ä–∞–Ω—Ç–∞ –±–µ—Ä–µ–º –Ω–∞ —Å–µ–±—è.**

‚Äº **–í–∞–∂–Ω–æ:**
–ù–µ –ø–∏—à–∏—Ç–µ –±–æ—Ç—É, –µ—Å–ª–∏ **–Ω–µ –≤—ã–±—Ä–∞–ª–∏** –≥—Ä—É–ø–ø—É, –∫–æ—Ç–æ—Ä—É—é —Ö–æ—Ç–∏—Ç–µ –∫—É–ø–∏—Ç—å. **–û–±—Ä–∞—â–∞–π—Ç–µ—Å—å —Ç–æ–ª—å–∫–æ –ø—Ä–∏ –ø–æ–ª–Ω–æ–π –≥–æ—Ç–æ–≤–Ω–æ—Å—Ç–∏ –∫ –ø–æ–∫—É–ø–∫–µ.**

üéÅ **–°–ø–µ—Ü–∏–∞–ª—å–Ω–æ–µ –ø—Ä–µ–¥–ª–æ–∂–µ–Ω–∏–µ:**
–ï—Å–ª–∏ –≤ —Ç–µ—á–µ–Ω–∏–∏ 3 –¥–Ω–µ–π –≤—ã –Ω–∞–ø–∏—Å–∞–ª–∏ –∏ –º—ã **–∑–∞–∫–ª—é—á–∏–º —Å–¥–µ–ª–∫—É –Ω–∞ 2 –≥—Ä—É–ø–ø—ã**, **—Ç—Ä–µ—Ç—å—é –≤—ã –ø–æ–ª—É—á–∞–µ—Ç–µ –∞–±—Å–æ–ª—é—Ç–Ω–æ –±–µ—Å–ø–ª–∞—Ç–Ω–æ!**

**–ü—Ä–∏ –≥–æ—Ç–æ–≤–Ω–æ—Å—Ç–∏ –∫—É–ø–∏—Ç—å –ø–∏—à–∏—Ç–µ**
üëâ[**@ManagerCommercialBot**](https://t.me/ManagerCommercialBot?start=hello)**üëà**",['no_housing']
"**‚ö°Ô∏è–†–ê–ó–´–ì–†–´–í–ê–ï–ú AIRPODS MAX –ò –ù–ï –¢–û–õ–¨–ö–û**

–£—á–∞—Å—Ç–≤—É–π –≤ –Ω–∞—à–µ–º –º–µ–≥–∞-—Ä–æ–∑—ã–≥—Ä—ã—à–µ —Å–æ–≤–º–µ—Å—Ç–Ω–æ —Å –º–∞–≥–∞–∑–∏–Ω–æ–≤ —Ç–µ—Ö–Ω–∏–∫–∏ [**REF.STORE**](https://t.me/therefstore) –∏ –ø–æ–ª—É—á–∏:

1 –º–µ—Å—Ç–æ: AirPods Max üéß 
2 –º–µ—Å—Ç–æ: AirPods Pro üçè
3 –º–µ—Å—Ç–æ: –°–∫–∏–¥–∫–∞ 50% –Ω–∞ –ª—é–±–æ–π —Ç–æ–≤–∞—Ä üè∑
4 - 5 –º–µ—Å—Ç–æ: –°–∫–∏–¥–∫–∞ 25% –Ω–∞ –ª—é–±–æ–π —Ç–æ–≤–∞—Ä üè∑
6 - 10 –º–µ—Å—Ç–æ: –°–∫–∏–¥–∫–∞ 10% –Ω–∞ –ª—é–±–æ–π —Ç–æ–≤–∞—Ä üè∑

–î–ª—è —É—á–∞—Å—Ç–∏—è —Ç–µ–±–µ –Ω—É–∂–Ω–æ:

‚úÖ –ü–æ–¥–ø–∏—Å–∞—Ç—å—Å—è –Ω–∞ [**¬´–£–∫—Ä–∞—ó–Ω—Ü—ñ –≤ –ß–µ—Ö—ñ—ó¬ª**](https://t.me/Brno_Olomouc) –∏ [**¬´–£–∫—Ä–∞–∏–Ω—Ü—ã –≤ –ß–µ—Ö–∏–∏¬ª**](https://t.me/Ukrainci_v_chehii)
‚úÖ –ü–æ–¥–ø–∏—Å–∞—Ç—å—Å—è –Ω–∞ —Å–ø–æ–Ω—Å–æ—Ä–∞** **[**¬´REF.STORE¬ª**](https://t.me/therefstore)** **üòÅ

–ò—Ç–æ–≥–∏ —Ä–æ–∑—ã–≥—Ä—ã—à–∞ 20 —Ñ–µ–≤—Ä–∞–ª—è.",['no_housing']
"**–•–æ—Ç–∏—Ç–µ —Å–æ–∑–¥–∞—Ç—å –æ–¥–Ω–æ—Å—Ç—Ä–∞–Ω–∏—á–Ω—ã–π —Å–∞–π—Ç –¥–ª—è –≤–∞—à–µ–≥–æ –±–∏–∑–Ω–µ—Å–∞ –∏ –¥–æ–±–∞–≤–∏—Ç—å –ø—Ä–∏–≤–ª–µ–∫–∞—Ç–µ–ª—å–Ω—ã–µ –∫–∞—Ä—Ç–æ—á–∫–∏ –¥–ª—è —Ç–æ–≤–∞—Ä–æ–≤?  ‚≠êÔ∏è
–ú—ã —Ä–∞–∑—Ä–∞–±–∞—Ç—ã–≤–∞–µ–º —Å—Ç–∏–ª—å–Ω—ã–µ, –±—ã—Å—Ç—Ä—ã–µ –∏ –∞–¥–∞–ø—Ç–∏–≤–Ω—ã–µ —Å–∞–π—Ç—ã, –∞ —Ç–∞–∫–∂–µ —Å–æ–∑–¥–∞–µ–º —É–¥–æ–±–Ω—ã–µ –∫–∞—Ä—Ç–æ—á–∫–∏ –¥–ª—è –≤–∞—à–∏—Ö —Ç–æ–≤–∞—Ä–æ–≤, –∫–æ—Ç–æ—Ä—ã–µ –ø–æ–º–æ–≥—É—Ç –≤–∞–º –≤—ã–¥–µ–ª–∏—Ç—å—Å—è –∏ —É–ª—É—á—à–∏—Ç—å –ø–æ–ª—å–∑–æ–≤–∞—Ç–µ–ª—å—Å–∫–∏–π –æ–ø—ã—Ç.

–ü–æ—á–µ–º—É –≤—ã–±–∏—Ä–∞—é—Ç –Ω–∞—Å?
- –õ—É—á—à–∞—è —Ü–µ–Ω–∞ –Ω–∞ —Ä—ã–Ω–∫–µ ‚≠êÔ∏è
- –ò–Ω–¥–∏–≤–∏–¥—É–∞–ª—å–Ω—ã–π –¥–∏–∑–∞–π–Ω –∏ —Ñ—É–Ω–∫—Ü–∏–æ–Ω–∞–ª—å–Ω–æ—Å—Ç—å –ø–æ–¥ –≤–∞—à–∏ –Ω—É–∂–¥—ã  
- –ö–∞—Ä—Ç–æ—á–∫–∏ —Ç–æ–≤–∞—Ä–æ–≤ —Å –∫—Ä–∞—Å–∏–≤—ã–º –æ—Ñ–æ—Ä–º–ª–µ–Ω–∏–µ–º –∏ –ø–æ–¥—Ä–æ–±–Ω–æ–π –∏–Ω—Ñ–æ—Ä–º–∞—Ü–∏–µ–π  
- –ê–¥–∞–ø—Ç–∏–≤–Ω–æ—Å—Ç—å –¥–ª—è –≤—Å–µ—Ö —É—Å—Ç—Ä–æ–π—Å—Ç–≤  
- SEO-–æ–ø—Ç–∏–º–∏–∑–∞—Ü–∏—è –¥–ª—è –ª—É—á—à–µ–π –≤–∏–¥–∏–º–æ—Å—Ç–∏ –≤ –ø–æ–∏—Å–∫–µ  
- –ë—ã—Å—Ç—Ä–∞—è —Ä–∞–∑—Ä–∞–±–æ—Ç–∫–∞ –±–µ–∑ –ø–æ—Ç–µ—Ä–∏ –∫–∞—á–µ—Å—Ç–≤–∞  
- –ü–æ–¥–¥–µ—Ä–∂–∫–∞ –∏ –æ–±–Ω–æ–≤–ª–µ–Ω–∏—è –ø–æ—Å–ª–µ –∑–∞–ø—É—Å–∫–∞

–î–∞–π—Ç–µ –≤–∞—à–µ–º—É –±–∏–∑–Ω–µ—Å—É –æ–Ω–ª–∞–π–Ω-–ø—Ä–µ–∏–º—É—â–µ—Å—Ç–≤–æ —Å —É–Ω–∏–∫–∞–ª—å–Ω—ã–º–∏ –∫–∞—Ä—Ç–æ—á–∫–∞–º–∏ –¥–ª—è —Ç–æ–≤–∞—Ä–æ–≤ –∏ —ç—Ñ—Ñ–µ–∫—Ç–∏–≤–Ω—ã–º —Å–∞–π—Ç–æ–º.  
–°–≤—è–∂–∏—Ç–µ—Å—å —Å –Ω–∞–º–∏, –∏ –º—ã —Å–æ–∑–¥–∞–¥–∏–º —Å–∞–π—Ç, –∫–æ—Ç–æ—Ä—ã–π —Ä–∞–±–æ—Ç–∞–µ—Ç –Ω–∞ –≤–∞—Å!  **ü§ë
–ö–æ–Ω—Ç–∞–∫—Ç @Vladyslav_Ethereum",['job_search']
"–ò—â—É —Ä–∞–±–æ—Ç—É –Ω–∞ —à–≤–µ–π–Ω–æ–º –ø—Ä–æ–∏–∑–≤–æ–¥—Å—Ç–≤–µ / –∞—Ç–µ–ª—å–µ ‚úÇÔ∏èüìå
–¢–∞–∫ –∂–µ –µ—Å—Ç—å –æ–ø—ã—Ç –≤ –º–æ–¥–µ–ª–∏—Ä–æ–≤–∞–Ω–∏–∏ –∏ —Å–æ–∑–¥–∞–Ω–∏–∏ –ª–µ–∫–∞–ª –≤ 3D üß©",['job_search']
"–í—Å—ñ–º –ø—Ä–∏–≤—ñ—Ç, –º–∏ —à—É–∫–∞—î–º–æ –∫–µ—Ä—ñ–≤–Ω–∏–∫—ñ–≤ –≤—ñ–¥–¥—ñ–ª—É –ø—Ä–æ–¥–∞–∂—É –∑—ñ –∑–Ω–∞–Ω–Ω—è–º –ø–æ—Ä—Ç—É–≥–∞–ª—å—Å—å–∫–æ—ó –º–æ–≤–∏.

‚Ä¢–î–∏—Å—Ç–∞–Ω—Ü—ñ–π–Ω–æ
‚Ä¢–ü–æ–≤–Ω–∞ –∑–∞–π–Ω—è—Ç—ñ—Å—Ç—å

–í–ò–ú–û–ì–ò –î–û –ü–û–°–ê–î–ò:
‚Ä¢ –í–∏–∫–æ–Ω–∞–Ω–Ω—è –ø–ª–∞–Ω–æ–≤–∏—Ö –ø–æ–∫–∞–∑–Ω–∏–∫—ñ–≤ –ø—Ä–æ–¥–∞–∂—ñ–≤ —Å–≤–æ—î—ó –≥—Ä—É–ø–∏;
‚Ä¢ –ê–Ω–∞–ª—ñ–∑ –æ–ø–µ—Ä–∞—Ü—ñ–π–Ω–∏—Ö —Ç–∞ —Ñ—ñ–Ω–∞–Ω—Å–æ–≤–∏—Ö –ø–æ–∫–∞–∑–Ω–∏–∫—ñ–≤ –≥—Ä—É–ø–∏ —Ç–∞ –∫–æ–∂–Ω–æ–≥–æ –æ–ø–µ—Ä–∞—Ç–æ—Ä–∞ –æ–∫—Ä–µ–º–æ;
‚Ä¢ –©–æ–¥–µ–Ω–Ω–∞ –∑–≤—ñ—Ç–Ω—ñ—Å—Ç—å –∑–∞ –ø–æ–∫–∞–∑–Ω–∏–∫–∞–º–∏ –≥—Ä—É–ø–∏;
‚Ä¢ –ö–æ–Ω—Ç—Ä–æ–ª—å —ñ —Ä–æ–∑–ø–æ–¥—ñ–ª –Ω–∞–≤–∞–Ω—Ç–∞–∂–µ–Ω–Ω—è –æ–ø–µ—Ä–∞—Ç–æ—Ä—ñ–≤;
‚Ä¢ –ó–Ω–∞–Ω–Ω—è –æ—Å–Ω–æ–≤–Ω–∏—Ö —Ç–∏–ø—ñ–≤ –∑–≤–æ—Ä–æ—Ç–Ω–æ–≥–æ –∑–≤‚Äô—è–∑–∫—É —Ç–∞ –¥–æ—Å–≤—ñ–¥ —ó—Ö –≤–∏–∫–æ—Ä–∏—Å—Ç–∞–Ω–Ω—è —É –≤—ñ–¥–ø–æ–≤—ñ–¥–Ω–∏—Ö —Å–∏—Ç—É–∞—Ü—ñ—è—Ö;
‚Ä¢ –í–µ–¥–µ–Ω–Ω—è –≥—Ä–∞—Ñ—ñ–∫—ñ–≤ —Ä–æ–±–æ—á–∏—Ö –∑–º—ñ–Ω —ñ —Ç–∞–±–µ–ª—ñ–≤ –æ–±–ª—ñ–∫—É —Ä–æ–±–æ—á–æ–≥–æ —á–∞—Å—É;
‚Ä¢ –ê–Ω–∞–ª—ñ–∑ —è–∫–æ—Å—Ç—ñ —Ç—Ä–∞—Ñ—ñ–∫—É —Ç–∞ —Ä–µ–∫–ª–∞–º–Ω–∏—Ö –º–∞—Ç–µ—Ä—ñ–∞–ª—ñ–≤.

–ù–ê–ú –ü–û–¢–†–Ü–ë–ï–ù:
‚Ä¢ –î–æ—Å–≤—ñ–¥ –≤ –æ—Ä–≥–∞–Ω—ñ–∑–∞—Ü—ñ—ó —Ç–∞ –µ—Ñ–µ–∫—Ç–∏–≤–Ω–æ–º—É –∫–µ—Ä—ñ–≤–Ω–∏—Ü—Ç–≤—ñ –≥—Ä—É–ø–æ—é –æ–ø–µ—Ä–∞—Ç–æ—Ä—ñ–≤;
‚Ä¢ –í—ñ–ª—å–Ω–µ –≤–æ–ª–æ–¥—ñ–Ω–Ω—è —ñ—Å–ø–∞–Ω—Å—å–∫–æ—é, –ø–æ—Ä—Ç—É–≥–∞–ª—å—Å—å–∫–æ—é, –Ω—ñ–º–µ—Ü—å–∫–æ—é –º–æ–≤–∞–º–∏ (–°1 - –°2)–û–ë–û–í‚Äô–Ø–ó–ö–û–í–û!;
‚Ä¢ –ó–¥–∞—Ç–Ω—ñ—Å—Ç—å –ø—Ä–∞—Ü—é–≤–∞—Ç–∏ –≤ —É–º–æ–≤–∞—Ö –±–∞–≥–∞—Ç–æ–∑–∞–¥–∞—á–Ω–æ—Å—Ç—ñ;
‚Ä¢ –ù–∞–≤–∏—á–∫–∏ –∞–Ω–∞–ª—ñ–∑—É –æ–ø–µ—Ä–∞—Ü—ñ–π–Ω–∏—Ö –ø–æ–∫–∞–∑–Ω–∏–∫—ñ–≤ —ñ –≤–∏–∫–æ—Ä–∏—Å—Ç–∞–Ω–Ω—è —Ü–∏—Ö –¥–∞–Ω–∏—Ö —É —Ä–æ–±–æ—Ç—ñ;
‚Ä¢ –†–æ–∑–≤–∏–Ω—É—Ç—ñ –ª—ñ–¥–µ—Ä—Å—å–∫—ñ —Ç–∞ —É–ø—Ä–∞–≤–ª—ñ–Ω—Å—å–∫—ñ —è–∫–æ—Å—Ç—ñ;
‚Ä¢ –í–ø–µ–≤–Ω–µ–Ω–∏–π –∫–æ—Ä–∏—Å—Ç—É–≤–∞—á MS Office, Excel.

–£–ú–û–í–ò:
‚Ä¢ –ö–æ–Ω–∫—É—Ä–µ–Ω—Ç–æ—Å–ø—Ä–æ–º–æ–∂–Ω–∞ –∑–∞—Ä–æ–±—ñ—Ç–Ω–∞ –ø–ª–∞—Ç–∞;
‚Ä¢ –§—ñ–∫—Å–æ–≤–∞–Ω–∏–π –æ–∫–ª–∞–¥ 1000$ + %;
‚Ä¢ –ì—Ä–∞—Ñ—ñ–∫ —Ä–æ–±–æ—Ç–∏: 5/2 (–∞–ª–µ –≤–∏ –∑–∞–≤–∂–¥–∏ –ø–æ–≤–∏–Ω–Ω—ñ –±—É—Ç–∏ –Ω–∞ –∑–≤‚Äô—è–∑–∫—É);
‚Ä¢ –°—Ç–∞–±—ñ–ª—å–Ω—ñ –≤–∏–ø–ª–∞—Ç–∏ 2 —Ä–∞–∑–∏ –Ω–∞ –º—ñ—Å—è—Ü—å;
‚Ä¢ –ü—Ä–∏—î–º–Ω–∞ —Å–∏—Å—Ç–µ–º–∞ –ø—Ä–µ–º—ñ—é–≤–∞–Ω–Ω—è.

–í—ñ–¥–≥—É–∫—É–≤–∞—Ç–∏—Å—å –∑ —Ä–µ–∑—é–º–µ
–¢–µ–ª–µ–≥—Ä–∞–º: @asiameier",[]
–ò—â—É —Ä–∞–±–æ—Ç—É –≤ —Å—Ñ–µ—Ä–µ –ø–æ—à–∏–≤–∞ –æ–¥–µ–∂–¥—ã ‚úÇÔ∏èüìå‚ùóÔ∏è,['job_search']
"–ó–¥—Ä–∞–≤—Å—Ç–≤—É–π—Ç–µ, –∫—Ç–æ-–Ω–∏–±—É–¥—å –ø–æ–¥—Å–∫–∞–∂–∏—Ç–µ –≥–¥–µ –º–æ–∂–Ω–æ –∫—É–ø–∏—Ç—å —Ç—Ä–∞–≤–∫—É –≤ –ø–æ—Ä—Ç–æ –±–µ–∑–æ–ø–∞—Å–Ω–æ. –≤—Å–µ–º —Ö–æ—Ä–æ—à–µ–≥–æ –¥–Ω—è! –¥—è–∫—É—é",[]
"üíé **–•–æ—á–µ—Ç–µ –ø—ñ–¥–Ω—è—Ç–∏ –ø—Ä–æ–¥–∞–∂—ñ –≤–∞—à–æ–≥–æ –±—ñ–∑–Ω–µ—Å—É –Ω–∞ –Ω–æ–≤–∏–π —Ä—ñ–≤–µ–Ω—å?**

–®—É–∫–∞—î—Ç–µ —ñ–¥–µ–∞–ª—å–Ω—É –ø–ª–∞—Ç—Ñ–æ—Ä–º—É –¥–ª—è —Ä–µ–∫–ª–∞–º–∏ –≤–∞—à–∏—Ö –ø–æ—Å–ª—É–≥? –Ø–∫—â–æ –Ω–∞–ø–∏—à–∏—Ç–µ —Å—å–æ–≥–æ–¥–Ω—ñ –±–æ—Ç—É, –û—Ç—Ä–∏–º–∞—î—Ç–µ –±–æ–Ω—É—Å –Ω–∞ —Ä–µ–∫–ª–∞–º—É 50‚Ç¨ üéÅ, –¥—ñ–∑–Ω–∞—Ç–∏—Å—å –ø–æ–¥—Ä–æ–±–∏—Ü—ñ –º–æ–∂–Ω–∞ –Ω–∞–ø–∏—Å–∞–≤ [@rek111bot](https://t.me/rek111bot?start=hello)

üåç –ü–æ–≤–Ω–∏–π —Å–ø–∏—Å–æ–∫ —á–∞—Ç-–≥—Ä—É–ø [—É–∫—Ä–∞—ó–Ω—Ü—ñ–≤ –∑–∞ –∫–æ—Ä–¥–æ–Ω–æ–º](https://t.me/Ukrainians_Europe/27) ‚Äì –≤–∞—à —à–ª—è—Ö –¥–æ —É—Å–ø—ñ—Ö—É!",[]
